continent_omd,maturity_quarter,residue_allocated_t,crop_harvested_area_ha
Africa,1.0,3989855.127878292,2345093.700682698
Africa,2.0,55212503.769328736,19343479.77272664
Africa,3.0,16401186.367469776,6514841.05095808
Africa,4.0,43881509.51516084,13224897.82800687
Africa,,3627.220162364352,1718.2999692489998
Americas,1.0,67382199.68964197,8238308.800211294
Americas,2.0,98696405.51917373,14828997.495479427
Americas,3.0,245167959.1608735,25831587.74469456
Americas,4.0,233131154.97212413,24584569.591061447
Americas,,19030.65818669885,3610.200608887765
Asia,1.0,25882305.828388125,4293563.797639697
Asia,2.0,6731128.713339026,1091442.6004624034
Asia,3.0,367426833.93705595,57253758.89383311
Asia,4.0,16094435.645548053,3140354.8001501113
Asia,,345361.8756688569,64317.999647274
Europe,2.0,9.726820752632472,4.2999999975000005
Europe,3.0,133436618.0331899,18093928.80467647
Europe,4.0,6070550.85951868,1137851.2997944886
Europe,,1955.3804706803335,354.6000024565
Oceania,1.0,294688.1863769232,40356.5999506727
Oceania,2.0,210116.25798121537,24142.5997602391
Oceania,3.0,14620.55354522038,2679.600003811
Oceania,4.0,13523.802685776973,2250.7000241678
Oceania,,187.19941086408573,181.90000349780001
