endpoint,crop,pathway_a,pathway_b,a_trial_keys,b_trial_keys,shared_trial_keys,shared_study_ids,comparison_status,direct_effect_estimate_present,inference
yield,rice,direct_return,biochar_return,8,7,2,jijnasa_bhubaneswar_2022_2024|qin_huizhou_2012_2015,SHARED_TRIAL_REQUIRES_ARM_LEVEL_CHECK,False,no_superiority_test_or_indirect_causal_claim
yield,rice,direct_return,open_burning,8,5,4,amgain_bhairahawa_2019_2021|jijnasa_bhubaneswar_2022_2024|nayak_bhubaneswar_2020_2021|rice_primary_53,SHARED_TRIAL_REQUIRES_ARM_LEVEL_CHECK,False,no_superiority_test_or_indirect_causal_claim
yield,rice,biochar_return,open_burning,7,5,1,jijnasa_bhubaneswar_2022_2024,SHARED_TRIAL_REQUIRES_ARM_LEVEL_CHECK,False,no_superiority_test_or_indirect_causal_claim
yield,maize,direct_return,biochar_return,1,0,0,,NO_TWO_PATHWAY_SUPPORT,False,no_superiority_test_or_indirect_causal_claim
yield,maize,direct_return,open_burning,1,0,0,,NO_TWO_PATHWAY_SUPPORT,False,no_superiority_test_or_indirect_causal_claim
yield,maize,biochar_return,open_burning,0,0,0,,NO_TWO_PATHWAY_SUPPORT,False,no_superiority_test_or_indirect_causal_claim
yield,wheat,direct_return,biochar_return,2,1,0,,INDIRECT_CROSS_STUDY_ONLY,False,no_superiority_test_or_indirect_causal_claim
yield,wheat,direct_return,open_burning,2,4,0,,INDIRECT_CROSS_STUDY_ONLY,False,no_superiority_test_or_indirect_causal_claim
yield,wheat,biochar_return,open_burning,1,4,0,,INDIRECT_CROSS_STUDY_ONLY,False,no_superiority_test_or_indirect_causal_claim
SOC_concentration,rice,direct_return,biochar_return,3,3,1,jijnasa_bhubaneswar_2022_2024,SHARED_TRIAL_REQUIRES_ARM_LEVEL_CHECK,False,no_superiority_test_or_indirect_causal_claim
SOC_concentration,rice,direct_return,open_burning,3,3,3,huang_jinxian_2010_2017|jijnasa_bhubaneswar_2022_2024|rice_primary_53,SHARED_TRIAL_REQUIRES_ARM_LEVEL_CHECK,False,no_superiority_test_or_indirect_causal_claim
SOC_concentration,rice,biochar_return,open_burning,3,3,1,jijnasa_bhubaneswar_2022_2024,SHARED_TRIAL_REQUIRES_ARM_LEVEL_CHECK,False,no_superiority_test_or_indirect_causal_claim
SOC_concentration,maize,direct_return,biochar_return,0,1,0,,NO_TWO_PATHWAY_SUPPORT,False,no_superiority_test_or_indirect_causal_claim
SOC_concentration,maize,direct_return,open_burning,0,0,0,,NO_TWO_PATHWAY_SUPPORT,False,no_superiority_test_or_indirect_causal_claim
SOC_concentration,maize,biochar_return,open_burning,1,0,0,,NO_TWO_PATHWAY_SUPPORT,False,no_superiority_test_or_indirect_causal_claim
SOC_concentration,wheat,direct_return,biochar_return,2,0,0,,NO_TWO_PATHWAY_SUPPORT,False,no_superiority_test_or_indirect_causal_claim
SOC_concentration,wheat,direct_return,open_burning,2,2,0,,INDIRECT_CROSS_STUDY_ONLY,False,no_superiority_test_or_indirect_causal_claim
SOC_concentration,wheat,biochar_return,open_burning,0,2,0,,NO_TWO_PATHWAY_SUPPORT,False,no_superiority_test_or_indirect_causal_claim
CH4,rice,direct_return,biochar_return,2,4,0,,INDIRECT_CROSS_STUDY_ONLY,False,no_superiority_test_or_indirect_causal_claim
CH4,rice,direct_return,open_burning,2,2,1,rice_primary_53,SHARED_TRIAL_REQUIRES_ARM_LEVEL_CHECK,False,no_superiority_test_or_indirect_causal_claim
CH4,rice,biochar_return,open_burning,4,2,0,,INDIRECT_CROSS_STUDY_ONLY,False,no_superiority_test_or_indirect_causal_claim
CH4,maize,direct_return,biochar_return,0,0,0,,NO_TWO_PATHWAY_SUPPORT,False,no_superiority_test_or_indirect_causal_claim
CH4,maize,direct_return,open_burning,0,0,0,,NO_TWO_PATHWAY_SUPPORT,False,no_superiority_test_or_indirect_causal_claim
CH4,maize,biochar_return,open_burning,0,0,0,,NO_TWO_PATHWAY_SUPPORT,False,no_superiority_test_or_indirect_causal_claim
CH4,wheat,direct_return,biochar_return,0,0,0,,NO_TWO_PATHWAY_SUPPORT,False,no_superiority_test_or_indirect_causal_claim
CH4,wheat,direct_return,open_burning,0,0,0,,NO_TWO_PATHWAY_SUPPORT,False,no_superiority_test_or_indirect_causal_claim
CH4,wheat,biochar_return,open_burning,0,0,0,,NO_TWO_PATHWAY_SUPPORT,False,no_superiority_test_or_indirect_causal_claim
N2O,rice,direct_return,biochar_return,1,4,0,,INDIRECT_CROSS_STUDY_ONLY,False,no_superiority_test_or_indirect_causal_claim
N2O,rice,direct_return,open_burning,1,2,1,rice_primary_53,SHARED_TRIAL_REQUIRES_ARM_LEVEL_CHECK,False,no_superiority_test_or_indirect_causal_claim
N2O,rice,biochar_return,open_burning,4,2,0,,INDIRECT_CROSS_STUDY_ONLY,False,no_superiority_test_or_indirect_causal_claim
N2O,maize,direct_return,biochar_return,1,0,0,,NO_TWO_PATHWAY_SUPPORT,False,no_superiority_test_or_indirect_causal_claim
N2O,maize,direct_return,open_burning,1,0,0,,NO_TWO_PATHWAY_SUPPORT,False,no_superiority_test_or_indirect_causal_claim
N2O,maize,biochar_return,open_burning,0,0,0,,NO_TWO_PATHWAY_SUPPORT,False,no_superiority_test_or_indirect_causal_claim
N2O,wheat,direct_return,biochar_return,1,0,0,,NO_TWO_PATHWAY_SUPPORT,False,no_superiority_test_or_indirect_causal_claim
N2O,wheat,direct_return,open_burning,1,0,0,,NO_TWO_PATHWAY_SUPPORT,False,no_superiority_test_or_indirect_causal_claim
N2O,wheat,biochar_return,open_burning,0,0,0,,NO_TWO_PATHWAY_SUPPORT,False,no_superiority_test_or_indirect_causal_claim
soil_GWP_unharmonized,rice,direct_return,biochar_return,1,3,1,qin_huizhou_2012_2015,SHARED_TRIAL_REQUIRES_ARM_LEVEL_CHECK,False,no_superiority_test_or_indirect_causal_claim
soil_GWP_unharmonized,rice,direct_return,open_burning,1,2,0,,INDIRECT_CROSS_STUDY_ONLY,False,no_superiority_test_or_indirect_causal_claim
soil_GWP_unharmonized,rice,biochar_return,open_burning,3,2,0,,INDIRECT_CROSS_STUDY_ONLY,False,no_superiority_test_or_indirect_causal_claim
soil_GWP_unharmonized,maize,direct_return,biochar_return,0,0,0,,NO_TWO_PATHWAY_SUPPORT,False,no_superiority_test_or_indirect_causal_claim
soil_GWP_unharmonized,maize,direct_return,open_burning,0,0,0,,NO_TWO_PATHWAY_SUPPORT,False,no_superiority_test_or_indirect_causal_claim
soil_GWP_unharmonized,maize,biochar_return,open_burning,0,0,0,,NO_TWO_PATHWAY_SUPPORT,False,no_superiority_test_or_indirect_causal_claim
soil_GWP_unharmonized,wheat,direct_return,biochar_return,1,0,0,,NO_TWO_PATHWAY_SUPPORT,False,no_superiority_test_or_indirect_causal_claim
soil_GWP_unharmonized,wheat,direct_return,open_burning,1,0,0,,NO_TWO_PATHWAY_SUPPORT,False,no_superiority_test_or_indirect_causal_claim
soil_GWP_unharmonized,wheat,biochar_return,open_burning,0,0,0,,NO_TWO_PATHWAY_SUPPORT,False,no_superiority_test_or_indirect_causal_claim
soil_GHGI_unharmonized,rice,direct_return,biochar_return,2,3,1,qin_huizhou_2012_2015,SHARED_TRIAL_REQUIRES_ARM_LEVEL_CHECK,False,no_superiority_test_or_indirect_causal_claim
soil_GHGI_unharmonized,rice,direct_return,open_burning,2,1,0,,INDIRECT_CROSS_STUDY_ONLY,False,no_superiority_test_or_indirect_causal_claim
soil_GHGI_unharmonized,rice,biochar_return,open_burning,3,1,0,,INDIRECT_CROSS_STUDY_ONLY,False,no_superiority_test_or_indirect_causal_claim
soil_GHGI_unharmonized,maize,direct_return,biochar_return,0,0,0,,NO_TWO_PATHWAY_SUPPORT,False,no_superiority_test_or_indirect_causal_claim
soil_GHGI_unharmonized,maize,direct_return,open_burning,0,0,0,,NO_TWO_PATHWAY_SUPPORT,False,no_superiority_test_or_indirect_causal_claim
soil_GHGI_unharmonized,maize,biochar_return,open_burning,0,0,0,,NO_TWO_PATHWAY_SUPPORT,False,no_superiority_test_or_indirect_causal_claim
soil_GHGI_unharmonized,wheat,direct_return,biochar_return,1,0,0,,NO_TWO_PATHWAY_SUPPORT,False,no_superiority_test_or_indirect_causal_claim
soil_GHGI_unharmonized,wheat,direct_return,open_burning,1,0,0,,NO_TWO_PATHWAY_SUPPORT,False,no_superiority_test_or_indirect_causal_claim
soil_GHGI_unharmonized,wheat,biochar_return,open_burning,0,0,0,,NO_TWO_PATHWAY_SUPPORT,False,no_superiority_test_or_indirect_causal_claim
