pathway,endpoint,crop,independent_trial_keys,effect_records,median_trial_percent,positive_trials,negative_trials,countries,evidence_label,inference
direct_return,yield,rice,8,30,4.071483295882073,7,1,China|India|Nepal,SPARSE_DESCRIPTIVE,within_pathway_descriptive_not_direct_superiority
direct_return,yield,maize,1,4,6.065880109847996,1,0,China,VERY_SPARSE_DESCRIPTIVE,within_pathway_descriptive_not_direct_superiority
direct_return,yield,wheat,2,10,4.706802769143303,2,0,China,VERY_SPARSE_DESCRIPTIVE,within_pathway_descriptive_not_direct_superiority
direct_return,SOC_concentration,rice,3,7,6.674888499628269,3,0,China|India,SPARSE_DESCRIPTIVE,within_pathway_descriptive_not_direct_superiority
direct_return,SOC_concentration,maize,0,0,,0,0,,NO_PRIMARY_STRICT_TRIAL,within_pathway_descriptive_not_direct_superiority
direct_return,SOC_concentration,wheat,2,30,10.488524910901688,2,0,China,VERY_SPARSE_DESCRIPTIVE,within_pathway_descriptive_not_direct_superiority
direct_return,CH4,rice,2,5,257.5723720260686,2,0,China,VERY_SPARSE_DESCRIPTIVE,within_pathway_descriptive_not_direct_superiority
direct_return,CH4,maize,0,0,,0,0,,NO_PRIMARY_STRICT_TRIAL,within_pathway_descriptive_not_direct_superiority
direct_return,CH4,wheat,0,0,,0,0,,NO_PRIMARY_STRICT_TRIAL,within_pathway_descriptive_not_direct_superiority
direct_return,N2O,rice,1,2,53.8890666387946,1,0,China,VERY_SPARSE_DESCRIPTIVE,within_pathway_descriptive_not_direct_superiority
direct_return,N2O,maize,1,3,26.856009793092234,1,0,China,VERY_SPARSE_DESCRIPTIVE,within_pathway_descriptive_not_direct_superiority
direct_return,N2O,wheat,1,3,105.00758098557559,1,0,China,VERY_SPARSE_DESCRIPTIVE,within_pathway_descriptive_not_direct_superiority
direct_return,soil_GWP_unharmonized,rice,1,8,114.2822133520764,1,0,China,VERY_SPARSE_DESCRIPTIVE,within_pathway_descriptive_not_direct_superiority
direct_return,soil_GWP_unharmonized,maize,0,0,,0,0,,NO_PRIMARY_STRICT_TRIAL,within_pathway_descriptive_not_direct_superiority
direct_return,soil_GWP_unharmonized,wheat,1,6,11.483705009540474,1,0,China,VERY_SPARSE_DESCRIPTIVE,within_pathway_descriptive_not_direct_superiority
direct_return,soil_GHGI_unharmonized,rice,2,12,149.00584011390123,2,0,China,VERY_SPARSE_DESCRIPTIVE,within_pathway_descriptive_not_direct_superiority
direct_return,soil_GHGI_unharmonized,maize,0,0,,0,0,,NO_PRIMARY_STRICT_TRIAL,within_pathway_descriptive_not_direct_superiority
direct_return,soil_GHGI_unharmonized,wheat,1,6,5.915315318860139,1,0,China,VERY_SPARSE_DESCRIPTIVE,within_pathway_descriptive_not_direct_superiority
biochar_return,yield,rice,7,62,7.310422379097072,6,1,China|India,SPARSE_DESCRIPTIVE,within_pathway_descriptive_not_direct_superiority
biochar_return,yield,maize,0,0,,0,0,,NO_PRIMARY_STRICT_TRIAL,within_pathway_descriptive_not_direct_superiority
biochar_return,yield,wheat,1,4,11.842578701657635,1,0,China,VERY_SPARSE_DESCRIPTIVE,within_pathway_descriptive_not_direct_superiority
biochar_return,SOC_concentration,rice,3,22,15.403132910023306,3,0,China|India,SPARSE_DESCRIPTIVE,within_pathway_descriptive_not_direct_superiority
biochar_return,SOC_concentration,maize,1,12,12.064349046244757,1,0,China,VERY_SPARSE_DESCRIPTIVE,within_pathway_descriptive_not_direct_superiority
biochar_return,SOC_concentration,wheat,0,0,,0,0,,NO_PRIMARY_STRICT_TRIAL,within_pathway_descriptive_not_direct_superiority
biochar_return,CH4,rice,4,28,-3.133211053977189,2,2,China,SPARSE_DESCRIPTIVE,within_pathway_descriptive_not_direct_superiority
biochar_return,CH4,maize,0,0,,0,0,,NO_PRIMARY_STRICT_TRIAL,within_pathway_descriptive_not_direct_superiority
biochar_return,CH4,wheat,0,0,,0,0,,NO_PRIMARY_STRICT_TRIAL,within_pathway_descriptive_not_direct_superiority
biochar_return,N2O,rice,4,28,-11.704787157186349,1,3,China,SPARSE_DESCRIPTIVE,within_pathway_descriptive_not_direct_superiority
biochar_return,N2O,maize,0,0,,0,0,,NO_PRIMARY_STRICT_TRIAL,within_pathway_descriptive_not_direct_superiority
biochar_return,N2O,wheat,0,0,,0,0,,NO_PRIMARY_STRICT_TRIAL,within_pathway_descriptive_not_direct_superiority
biochar_return,soil_GWP_unharmonized,rice,3,46,-16.03032515207002,1,2,China,SPARSE_DESCRIPTIVE,within_pathway_descriptive_not_direct_superiority
biochar_return,soil_GWP_unharmonized,maize,0,0,,0,0,,NO_PRIMARY_STRICT_TRIAL,within_pathway_descriptive_not_direct_superiority
biochar_return,soil_GWP_unharmonized,wheat,0,0,,0,0,,NO_PRIMARY_STRICT_TRIAL,within_pathway_descriptive_not_direct_superiority
biochar_return,soil_GHGI_unharmonized,rice,3,46,-30.561900352659855,1,2,China,SPARSE_DESCRIPTIVE,within_pathway_descriptive_not_direct_superiority
biochar_return,soil_GHGI_unharmonized,maize,0,0,,0,0,,NO_PRIMARY_STRICT_TRIAL,within_pathway_descriptive_not_direct_superiority
biochar_return,soil_GHGI_unharmonized,wheat,0,0,,0,0,,NO_PRIMARY_STRICT_TRIAL,within_pathway_descriptive_not_direct_superiority
open_burning,yield,rice,5,14,3.719171265196887,4,1,China|India|Nepal|Vietnam,SPARSE_DESCRIPTIVE,within_pathway_descriptive_not_direct_superiority
open_burning,yield,maize,0,0,,0,0,,NO_PRIMARY_STRICT_TRIAL,within_pathway_descriptive_not_direct_superiority
open_burning,yield,wheat,4,6,5.013295807203817,3,1,India|Pakistan,SPARSE_DESCRIPTIVE,within_pathway_descriptive_not_direct_superiority
open_burning,SOC_concentration,rice,3,7,2.035704560246681,3,0,China|India,SPARSE_DESCRIPTIVE,within_pathway_descriptive_not_direct_superiority
open_burning,SOC_concentration,maize,0,0,,0,0,,NO_PRIMARY_STRICT_TRIAL,within_pathway_descriptive_not_direct_superiority
open_burning,SOC_concentration,wheat,2,2,6.664540816326286,2,0,India,VERY_SPARSE_DESCRIPTIVE,within_pathway_descriptive_not_direct_superiority
open_burning,CH4,rice,2,6,-3.4332787265744527,1,1,China|Vietnam,VERY_SPARSE_DESCRIPTIVE,within_pathway_descriptive_not_direct_superiority
open_burning,CH4,maize,0,0,,0,0,,NO_PRIMARY_STRICT_TRIAL,within_pathway_descriptive_not_direct_superiority
open_burning,CH4,wheat,0,0,,0,0,,NO_PRIMARY_STRICT_TRIAL,within_pathway_descriptive_not_direct_superiority
open_burning,N2O,rice,2,6,28.889317785855575,1,1,China|Vietnam,VERY_SPARSE_DESCRIPTIVE,within_pathway_descriptive_not_direct_superiority
open_burning,N2O,maize,0,0,,0,0,,NO_PRIMARY_STRICT_TRIAL,within_pathway_descriptive_not_direct_superiority
open_burning,N2O,wheat,0,0,,0,0,,NO_PRIMARY_STRICT_TRIAL,within_pathway_descriptive_not_direct_superiority
open_burning,soil_GWP_unharmonized,rice,2,5,0.30230805659946736,1,1,China|Vietnam,VERY_SPARSE_DESCRIPTIVE,within_pathway_descriptive_not_direct_superiority
open_burning,soil_GWP_unharmonized,maize,0,0,,0,0,,NO_PRIMARY_STRICT_TRIAL,within_pathway_descriptive_not_direct_superiority
open_burning,soil_GWP_unharmonized,wheat,0,0,,0,0,,NO_PRIMARY_STRICT_TRIAL,within_pathway_descriptive_not_direct_superiority
open_burning,soil_GHGI_unharmonized,rice,1,4,-6.200366849301614,0,1,Vietnam,VERY_SPARSE_DESCRIPTIVE,within_pathway_descriptive_not_direct_superiority
open_burning,soil_GHGI_unharmonized,maize,0,0,,0,0,,NO_PRIMARY_STRICT_TRIAL,within_pathway_descriptive_not_direct_superiority
open_burning,soil_GHGI_unharmonized,wheat,0,0,,0,0,,NO_PRIMARY_STRICT_TRIAL,within_pathway_descriptive_not_direct_superiority
