pathway,endpoint,independent_trial_keys,trial_crop_units,effect_records,countries,crops,positive_trial_crop_units,negative_trial_crop_units,zero_trial_crop_units,median_trial_percent,min_trial_percent,max_trial_percent,evidence_label,inference
direct_return,yield,11,12,62,China|India|Nepal,maize|rice|wheat,11,1,0,4.2372158871648615,-5.380750638407148,14.830953737385885,TEN_OR_MORE_TRIALS_DESCRIPTIVE_ONLY,descriptive_only_no_between_pathway_ranking
direct_return,SOC_concentration,5,5,37,China|India,rice|wheat,5,0,0,6.674888499628269,2.8767812765641483,24.085493637894864,SPARSE_DESCRIPTIVE,descriptive_only_no_between_pathway_ranking
direct_return,CH4,3,3,23,China,rice,3,0,0,238.82490351468596,222.75626456879993,276.3198405374512,SPARSE_DESCRIPTIVE,descriptive_only_no_between_pathway_ranking
direct_return,N2O,3,4,20,China,maize|rice|wheat,3,1,0,40.37253821594342,-16.13203690535194,105.00758098557559,SPARSE_DESCRIPTIVE,descriptive_only_no_between_pathway_ranking
direct_return,soil_GWP_unharmonized,2,2,14,China,rice|wheat,2,0,0,62.882959180808434,11.483705009540474,114.2822133520764,VERY_SPARSE_DESCRIPTIVE,descriptive_only_no_between_pathway_ranking
direct_return,soil_GHGI_unharmonized,3,3,18,China,rice|wheat,3,0,0,111.7922198276458,5.915315318860139,186.21946040015666,SPARSE_DESCRIPTIVE,descriptive_only_no_between_pathway_ranking
biochar_return,yield,8,8,66,China|India,rice|wheat,7,1,0,9.062964820823709,-1.6052846480116778,20.973686724435005,SPARSE_DESCRIPTIVE,descriptive_only_no_between_pathway_ranking
biochar_return,SOC_concentration,4,4,34,China|India,maize|rice,4,0,0,13.733740978134032,4.531187540790158,31.551317772876462,SPARSE_DESCRIPTIVE,descriptive_only_no_between_pathway_ranking
biochar_return,CH4,4,4,28,China,rice,2,2,0,-3.133211053977189,-21.004479777063775,66.20851126761531,SPARSE_DESCRIPTIVE,descriptive_only_no_between_pathway_ranking
biochar_return,N2O,4,4,28,China,rice,1,3,0,-11.704787157186349,-24.413649387654093,38.51094174208718,SPARSE_DESCRIPTIVE,descriptive_only_no_between_pathway_ranking
biochar_return,soil_GWP_unharmonized,3,3,46,China,rice,1,2,0,-16.03032515207002,-26.49481424123124,11.899883390566563,SPARSE_DESCRIPTIVE,descriptive_only_no_between_pathway_ranking
biochar_return,soil_GHGI_unharmonized,3,3,46,China,rice,1,2,0,-30.561900352659855,-30.8625905132276,0.6815501951089038,SPARSE_DESCRIPTIVE,descriptive_only_no_between_pathway_ranking
open_burning,yield,9,9,20,China|India|Nepal|Pakistan|Vietnam,rice|wheat,7,2,0,3.719171265196887,-5.416078984485253,15.37783203470803,SPARSE_DESCRIPTIVE,descriptive_only_no_between_pathway_ranking
open_burning,SOC_concentration,5,5,9,China|India,rice|wheat,5,0,0,3.125000000004776,0.2638040477979665,10.204081632647796,SPARSE_DESCRIPTIVE,descriptive_only_no_between_pathway_ranking
open_burning,CH4,2,2,6,China|Vietnam,rice,1,1,0,-3.4332787265744527,-13.902940286068738,7.036382832919832,VERY_SPARSE_DESCRIPTIVE,descriptive_only_no_between_pathway_ranking
open_burning,N2O,2,2,6,China|Vietnam,rice,1,1,0,28.889317785855575,-6.8001702039380785,64.57880577564923,VERY_SPARSE_DESCRIPTIVE,descriptive_only_no_between_pathway_ranking
open_burning,soil_GWP_unharmonized,2,2,5,China|Vietnam,rice,1,1,0,0.30230805659946736,-7.085292142374796,7.689908255573731,VERY_SPARSE_DESCRIPTIVE,descriptive_only_no_between_pathway_ranking
open_burning,soil_GHGI_unharmonized,1,1,4,Vietnam,rice,0,1,0,-6.200366849301614,-6.200366849301614,-6.200366849301614,VERY_SPARSE_DESCRIPTIVE,descriptive_only_no_between_pathway_ranking
