effect_id,study_id,paper_doi,source_url,paper_title,citation,publication_year,experiment_year,country,location,latitude,longitude,broad_climate,koppen_climate,crop_as_reported,crop_core,season,residue_as_reported,pathway,outcome,outcome_unit,treatment_arm,control_arm,treatment_mean,control_mean,treatment_sd,control_sd,treatment_n,control_n,lnrr,variance_lnrr,percent_change,shared_control_group,source_locator,variance_provenance,analysis_tier,source_analysis_tier,tier_reconciliation,formal_decision,variance_origin_status,independence_resolution,sensitivity_note,quality_flags,system_boundary,gwp_version,soc_measure,soil_depth,water_regime,nitrogen_rate,extraction_method
somboon2024_2021_RS+CF_yield,somboon_khonkaen_2021,10.1038/s41598-024-59352-5,https://doi.org/10.1038/s41598-024-59352-5,Mitigating methane emissions and global warming potential while increasing rice yield using biochar derived from leftover rice straw in a tropical paddy soil,Somboon et al. 2024,2024,2021,Thailand,"Ban Non Muang, Sila, Mueang Khon Kaen",,,,,rice (RD6),rice,June-November,rice straw,direct_return,yield,t grain ha-1,RS+CF,CF,10.6,6.3,,,3,3,0.5203043677205345,,68.25396825396825,somboon2024_CF_yield,"Table 1, PDF p. 4",,C_primary_mean_only,,,HOLD_FROM_VARIANCE_AND_MAIN_ANALYSIS; ARM_SD_SE_UNREPORTED,unreported,One field trial with three randomized blocks; shared CF across pathways and endpoints,"Only table CV percentages reported; do not infer arm SD/SE from CV. GWP includes soil CO2, excludes N2O; incompatible with main GWP boundary.",arm_variance_missing,,,,,continuous 5-7 cm flooding until one week before harvest,188,primary numeric table transcription
somboon2024_2021_BC+CF_yield,somboon_khonkaen_2021,10.1038/s41598-024-59352-5,https://doi.org/10.1038/s41598-024-59352-5,Mitigating methane emissions and global warming potential while increasing rice yield using biochar derived from leftover rice straw in a tropical paddy soil,Somboon et al. 2024,2024,2021,Thailand,"Ban Non Muang, Sila, Mueang Khon Kaen",,,,,rice (RD6),rice,June-November,rice straw,biochar_return,yield,t grain ha-1,BC+CF,CF,11.8,6.3,,,3,3,0.6275498980741322,,87.30158730158732,somboon2024_CF_yield,"Table 1, PDF p. 4",,C_primary_mean_only,,,HOLD_FROM_VARIANCE_AND_MAIN_ANALYSIS; ARM_SD_SE_UNREPORTED,unreported,One field trial with three randomized blocks; shared CF across pathways and endpoints,"Only table CV percentages reported; do not infer arm SD/SE from CV. GWP includes soil CO2, excludes N2O; incompatible with main GWP boundary.",arm_variance_missing,,,,,continuous 5-7 cm flooding until one week before harvest,188,primary numeric table transcription
somboon2024_2021_RS+CF_CH4,somboon_khonkaen_2021,10.1038/s41598-024-59352-5,https://doi.org/10.1038/s41598-024-59352-5,Mitigating methane emissions and global warming potential while increasing rice yield using biochar derived from leftover rice straw in a tropical paddy soil,Somboon et al. 2024,2024,2021,Thailand,"Ban Non Muang, Sila, Mueang Khon Kaen",,,,,rice (RD6),rice,June-November,rice straw,direct_return,CH4,kg CH4 ha-1 per rice season,RS+CF,CF,1041.3,474.8,,,3,3,0.7853315488003373,,119.31339511373208,somboon2024_CF_CH4,"Table 2, PDF p. 4",,C_primary_mean_only,,,HOLD_FROM_VARIANCE_AND_MAIN_ANALYSIS; ARM_SD_SE_UNREPORTED,unreported,One field trial with three randomized blocks; shared CF across pathways and endpoints,"Only table CV percentages reported; do not infer arm SD/SE from CV. GWP includes soil CO2, excludes N2O; incompatible with main GWP boundary.",arm_variance_missing,,,,,continuous 5-7 cm flooding until one week before harvest,188,primary numeric table transcription
somboon2024_2021_BC+CF_CH4,somboon_khonkaen_2021,10.1038/s41598-024-59352-5,https://doi.org/10.1038/s41598-024-59352-5,Mitigating methane emissions and global warming potential while increasing rice yield using biochar derived from leftover rice straw in a tropical paddy soil,Somboon et al. 2024,2024,2021,Thailand,"Ban Non Muang, Sila, Mueang Khon Kaen",,,,,rice (RD6),rice,June-November,rice straw,biochar_return,CH4,kg CH4 ha-1 per rice season,BC+CF,CF,270.9,474.8,,,3,3,-0.5611439136444637,,-42.94439764111206,somboon2024_CF_CH4,"Table 2, PDF p. 4",,C_primary_mean_only,,,HOLD_FROM_VARIANCE_AND_MAIN_ANALYSIS; ARM_SD_SE_UNREPORTED,unreported,One field trial with three randomized blocks; shared CF across pathways and endpoints,"Only table CV percentages reported; do not infer arm SD/SE from CV. GWP includes soil CO2, excludes N2O; incompatible with main GWP boundary.",arm_variance_missing,,,,,continuous 5-7 cm flooding until one week before harvest,188,primary numeric table transcription
somboon2024_2021_RS+CF_CO2,somboon_khonkaen_2021,10.1038/s41598-024-59352-5,https://doi.org/10.1038/s41598-024-59352-5,Mitigating methane emissions and global warming potential while increasing rice yield using biochar derived from leftover rice straw in a tropical paddy soil,Somboon et al. 2024,2024,2021,Thailand,"Ban Non Muang, Sila, Mueang Khon Kaen",,,,,rice (RD6),rice,June-November,rice straw,direct_return,CO2,kg CO2 ha-1 per rice season,RS+CF,CF,11773.4,22660.4,,,3,3,-0.6547761581289494,,-48.044165151541904,somboon2024_CF_CO2,"Table 2, PDF p. 4",,C_primary_mean_only,,,HOLD_FROM_VARIANCE_AND_MAIN_ANALYSIS; ARM_SD_SE_UNREPORTED,unreported,One field trial with three randomized blocks; shared CF across pathways and endpoints,"Only table CV percentages reported; do not infer arm SD/SE from CV. GWP includes soil CO2, excludes N2O; incompatible with main GWP boundary.",arm_variance_missing,,,,,continuous 5-7 cm flooding until one week before harvest,188,primary numeric table transcription
somboon2024_2021_BC+CF_CO2,somboon_khonkaen_2021,10.1038/s41598-024-59352-5,https://doi.org/10.1038/s41598-024-59352-5,Mitigating methane emissions and global warming potential while increasing rice yield using biochar derived from leftover rice straw in a tropical paddy soil,Somboon et al. 2024,2024,2021,Thailand,"Ban Non Muang, Sila, Mueang Khon Kaen",,,,,rice (RD6),rice,June-November,rice straw,biochar_return,CO2,kg CO2 ha-1 per rice season,BC+CF,CF,14176.8,22660.4,,,3,3,-0.46901208201572514,,-37.437997564032415,somboon2024_CF_CO2,"Table 2, PDF p. 4",,C_primary_mean_only,,,HOLD_FROM_VARIANCE_AND_MAIN_ANALYSIS; ARM_SD_SE_UNREPORTED,unreported,One field trial with three randomized blocks; shared CF across pathways and endpoints,"Only table CV percentages reported; do not infer arm SD/SE from CV. GWP includes soil CO2, excludes N2O; incompatible with main GWP boundary.",arm_variance_missing,,,,,continuous 5-7 cm flooding until one week before harvest,188,primary numeric table transcription
somboon2024_2021_RS+CF_GWP_CH4_CO2,somboon_khonkaen_2021,10.1038/s41598-024-59352-5,https://doi.org/10.1038/s41598-024-59352-5,Mitigating methane emissions and global warming potential while increasing rice yield using biochar derived from leftover rice straw in a tropical paddy soil,Somboon et al. 2024,2024,2021,Thailand,"Ban Non Muang, Sila, Mueang Khon Kaen",,,,,rice (RD6),rice,June-November,rice straw,direct_return,GWP_CH4_CO2,kg CO2-eq ha-1,RS+CF,CF,40928.9,35955.1,,,3,3,0.12956547718553316,,13.833364390587152,somboon2024_CF_GWP_CH4_CO2,"Table 2, PDF p. 4",,C_primary_mean_only,,,HOLD_FROM_VARIANCE_AND_MAIN_ANALYSIS; ARM_SD_SE_UNREPORTED,unreported,One field trial with three randomized blocks; shared CF across pathways and endpoints,"Only table CV percentages reported; do not infer arm SD/SE from CV. GWP includes soil CO2, excludes N2O; incompatible with main GWP boundary.",arm_variance_missing,soil CH4 plus CO2 (including biogenic respiration); N2O excluded; NOT main CH4+N2O GWP,CH4=28; CO2=1,,,continuous 5-7 cm flooding until one week before harvest,188,primary numeric table transcription
somboon2024_2021_BC+CF_GWP_CH4_CO2,somboon_khonkaen_2021,10.1038/s41598-024-59352-5,https://doi.org/10.1038/s41598-024-59352-5,Mitigating methane emissions and global warming potential while increasing rice yield using biochar derived from leftover rice straw in a tropical paddy soil,Somboon et al. 2024,2024,2021,Thailand,"Ban Non Muang, Sila, Mueang Khon Kaen",,,,,rice (RD6),rice,June-November,rice straw,biochar_return,GWP_CH4_CO2,kg CO2-eq ha-1,BC+CF,CF,21760.5,35955.1,,,3,3,-0.5021745381400059,,-39.478683135354935,somboon2024_CF_GWP_CH4_CO2,"Table 2, PDF p. 4",,C_primary_mean_only,,,HOLD_FROM_VARIANCE_AND_MAIN_ANALYSIS; ARM_SD_SE_UNREPORTED,unreported,One field trial with three randomized blocks; shared CF across pathways and endpoints,"Only table CV percentages reported; do not infer arm SD/SE from CV. GWP includes soil CO2, excludes N2O; incompatible with main GWP boundary.",arm_variance_missing,soil CH4 plus CO2 (including biogenic respiration); N2O excluded; NOT main CH4+N2O GWP,CH4=28; CO2=1,,,continuous 5-7 cm flooding until one week before harvest,188,primary numeric table transcription
somboon2024_2021_RS+CF_GHGI_CH4_CO2,somboon_khonkaen_2021,10.1038/s41598-024-59352-5,https://doi.org/10.1038/s41598-024-59352-5,Mitigating methane emissions and global warming potential while increasing rice yield using biochar derived from leftover rice straw in a tropical paddy soil,Somboon et al. 2024,2024,2021,Thailand,"Ban Non Muang, Sila, Mueang Khon Kaen",,,,,rice (RD6),rice,June-November,rice straw,direct_return,GHGI_CH4_CO2,kg CO2-eq t-1 grain,RS+CF,CF,3823.3,5724.3,,,3,3,-0.4036063471829197,,-33.209300700522334,somboon2024_CF_GHGI_CH4_CO2,"Table 2, PDF p. 4",,C_primary_mean_only,,,HOLD_FROM_VARIANCE_AND_MAIN_ANALYSIS; ARM_SD_SE_UNREPORTED,unreported,One field trial with three randomized blocks; shared CF across pathways and endpoints,"Only table CV percentages reported; do not infer arm SD/SE from CV. GWP includes soil CO2, excludes N2O; incompatible with main GWP boundary.",arm_variance_missing,soil CH4 plus CO2 (including biogenic respiration); N2O excluded; NOT main CH4+N2O GWP,CH4=28; CO2=1,,,continuous 5-7 cm flooding until one week before harvest,188,primary numeric table transcription
somboon2024_2021_BC+CF_GHGI_CH4_CO2,somboon_khonkaen_2021,10.1038/s41598-024-59352-5,https://doi.org/10.1038/s41598-024-59352-5,Mitigating methane emissions and global warming potential while increasing rice yield using biochar derived from leftover rice straw in a tropical paddy soil,Somboon et al. 2024,2024,2021,Thailand,"Ban Non Muang, Sila, Mueang Khon Kaen",,,,,rice (RD6),rice,June-November,rice straw,biochar_return,GHGI_CH4_CO2,kg CO2-eq t-1 grain,BC+CF,CF,1843.7,5724.3,,,3,3,-1.1329458491280606,,-67.79169505441713,somboon2024_CF_GHGI_CH4_CO2,"Table 2, PDF p. 4",,C_primary_mean_only,,,HOLD_FROM_VARIANCE_AND_MAIN_ANALYSIS; ARM_SD_SE_UNREPORTED,unreported,One field trial with three randomized blocks; shared CF across pathways and endpoints,"Only table CV percentages reported; do not infer arm SD/SE from CV. GWP includes soil CO2, excludes N2O; incompatible with main GWP boundary.",arm_variance_missing,soil CH4 plus CO2 (including biogenic respiration); N2O excluded; NOT main CH4+N2O GWP,CH4=28; CO2=1,,,continuous 5-7 cm flooding until one week before harvest,188,primary numeric table transcription
