candidate_id,pathway_targets,endpoint_targets,country,region,crop,title,year,doi,comparison_design,field_context,core_scope_status,boundary_status,possible_shared_trial_group,master_doi_match,admission_status,next_check,source_url
"yuan2018_illinois","direct_return","yield|N2O","United States","Illinois","maize","Soil N2O emissions as affected by long-term residue removal and no-till practices in continuous corn","2018","10.1111/gcbb.12564","residue retained vs full removal crossed with chisel-till/no-till; four replicates","long-term continuous corn treatments initiated 2005; N2O/yield measured 2015-2017","core_crop_residue_candidate","field_N2O_and_grain_yield","","false","candidate_unverified_not_in_master","extract treatment-year arm means, uncertainty and n; preserve tillage strata; verify independent-trial identity","https://doi.org/10.1111/gcbb.12564"
"li2023_nebraska","direct_return","yield|N2O","United States","Nebraska","maize","Measured and simulated effects of residue removal and amelioration practices in no-till irrigated corn (Zea mays L.)","2023","10.1016/j.eja.2023.126807","stover retention vs maximum mechanical removal within no-till irrigated corn; irrigation/cover-crop factors","field observations evaluate residue-removal effects on yield and soil N2O","core_crop_residue_candidate","field_N2O_and_grain_yield","nebraska_ars_continuous_corn_identity_to_check","false","candidate_unverified_not_in_master","recover observed arm-level means/errors; isolate equal-background residue contrasts; deduplicate against other Nebraska long-term papers","https://doi.org/10.1016/j.eja.2023.126807"
"jha2017_ohio","direct_return","SOC_concentration","United States","Ohio","maize","Natural 13C abundance and soil carbon dynamics under long-term residue retention in a no-till maize system","2017","10.1111/sum.12323","0,25,50,75,100,200% maize-residue retention under no-till","9-year field experiment; SOC at 0-10 and 10-20 cm","core_crop_residue_candidate","SOC_concentration_depth_specific","","false","candidate_unverified_not_in_master","extract arm means and variance/n by depth; use 0% residue as removal reference only where background management is equal","https://doi.org/10.1111/sum.12323"
"schmer2024_nebraska","direct_return","yield|SOC_stock","United States","Nebraska","maize","Long-term tillage and residue removal effects on soil carbon, nitrogen, and grain yield in irrigated corn","2024","10.1002/agj2.21674","long-term tillage x stover-removal experiment","20-year irrigated continuous corn; yield and SOC measured to 150 cm","core_crop_residue_candidate","yield_plus_SOC_stock_not_SOC_concentration","nebraska_ars_continuous_corn_identity_to_check","false","candidate_unverified_not_in_master","verify trial/site overlap with Li 2023 and earlier ARS papers; keep SOC stock separate from SOC concentration","https://doi.org/10.1002/agj2.21674"
"bossio1999_california","direct_return|open_burning","CH4|yield_context","United States","California","rice","Methane pool and flux dynamics in a rice field following straw incorporation","1999","10.1016/S0038-0717(99)00050-4","winter flood/no-flood x rice-straw burned/incorporated; four replicates","35-ha on-farm field trial initiated 1993 near Maxwell; CH4 monitored in 1997","core_rice_straw_candidate","head_to_head_burned_vs_incorporated_CH4","california_rice_straw_1993_possible_shared_trial","false","candidate_unverified_not_in_master","extract CH4 arm uncertainty and numeric yield if available; deduplicate with Cintas 2001; do not invent removal-referenced effects","https://doi.org/10.1016/S0038-0717(99)00050-4"
"cintas2001_california","direct_return|open_burning","yield","United States","California","rice","Effects of Rice Straw Management on Sclerotium oryzae Inoculum, Stem Rot Severity, and Yield of Rice in California","2001","10.1094/PDIS.2001.85.11.1140","winter flood/no-flood x incorporation/rolling/baling-removal/fall-burning","Colusa County experiment initiated 1993; six years of yield","core_rice_straw_candidate","yield_with_explicit_baling_removal_arm","california_rice_straw_1993_possible_shared_trial","false","candidate_unverified_not_in_master","recover year-specific arm means/errors; determine whether it is the same trial as Bossio 1999 before assigning study_id","https://doi.org/10.1094/PDIS.2001.85.11.1140"
"chan2005_australia","open_burning|direct_return","yield|SOC_concentration","Australia","southeastern Australia","core_crop_identity_to_verify","The effects of stubble burning and tillage on soil carbon sequestration and crop productivity in southeastern Australia","2005","10.1079/SUM2005357","stubble burning and tillage evaluated in two field trials","one 19-year and one 5-year field trial","candidate_crop_identity_requires_primary_check","yield_and_SOC_field_management","","false","candidate_unverified_not_in_master","obtain full treatment tables; verify crop identity, arm variance and whether the two sites are distinct independent trials","https://doi.org/10.1079/SUM2005357"
"haines1990_victoria","open_burning|direct_return","SOC_concentration","Australia","north-eastern Victoria","wheat","Effects of conservation tillage farming on soil microbial biomass, organic matter and earthworm populations, in north-eastern Victoria","1990","10.1071/EA9900365","direct drilling with wheat stubble retained vs burned; conventional cultivation comparator","long-term field experiment established 1981; seven years of continuous wheat","core_wheat_stubble_candidate","SOC_concentration_and_soil_properties","victoria_long_term_stubble_series_to_check","false","candidate_unverified_not_in_master","extract retained-vs-burned arm means/errors at common depth; check linkage to later Victoria yield papers","https://doi.org/10.1071/EA9900365"
"roper2021_western_australia","open_burning","yield|SOC_concentration","Australia","south-western Australia","rotation_crop_identity_to_verify","Changes in soil properties and crop performance on stubble-burned and cultivated water-repellent soils can take many years following reversion to no-till and stubble retention","2021","10.1016/j.geoderma.2021.115361","burning/retention x tillage applied 2008-2011; all plots reverted to no-till retention from 2012","10-year experiment reporting six-year legacy/recovery phase","candidate_crop_identity_requires_primary_check","legacy_after_reversion_not_current_burning_effect","","false","candidate_unverified_not_in_master","keep separate-boundary unless pre-reversion data are extractable; verify crop-years and uncertainty","https://doi.org/10.1016/j.geoderma.2021.115361"
"raji2026_ethiopia","biochar_return","yield|soil_C","Ethiopia","southern Ethiopia","maize","Effects of integrated use of coffee husk and maize straw biochar-based fertilizers on maize yields, nutrient uptake and soil properties in southern Ethiopia","2026","10.1002/vzj2.70135","maize-straw and coffee-husk biochars at 0/2.5/5 t ha-1 with/without mineral fertilizer; RCBD, three replicates","field experiment in southern Ethiopia","maize_straw_biochar_core_arm_candidate","yield_and_soil_C_metric_to_verify","","false","candidate_unverified_not_in_master","extract maize-straw-biochar arms only; pair equal fertilizer background; verify exact soil C metric/depth and uncertainty","https://doi.org/10.1002/vzj2.70135"
