subset,duration_bin,papers,comparisons,median_duration_years,asia_papers,maize_papers,rice_papers,wheat_papers,soybean_papers,both_positive,yield_only_positive,soc_only_positive,neither_positive,yield_median_percent,yield_bootstrap_lo_percent,yield_bootstrap_hi_percent,soc_median_percent,soc_bootstrap_lo_percent,soc_bootstrap_hi_percent
all,1–2,68,370,2.000000,60,30,27,27,1,54,1,10,3,5.819389,4.040027,6.884587,7.279882,4.686851,8.870198
all,>2–5,70,439,4.000000,58,37,22,33,2,53,5,9,3,7.222190,5.306338,9.755638,7.973798,5.180540,10.605534
all,>5–10,39,237,7.000000,36,23,10,21,4,34,1,2,2,11.817435,9.533608,15.384615,10.153710,8.096591,19.359331
all,>10–20,28,91,15.250000,24,11,11,15,1,22,0,6,0,11.458500,4.533237,22.297054,13.865367,9.669339,17.780248
all,>20,13,48,25.000000,12,8,1,11,4,12,0,0,1,9.933552,5.309960,20.550961,17.814586,10.692415,25.806452
Asia_only,1–2,60,307,2.000000,60,24,26,26,1,49,1,8,2,5.819389,3.895303,7.104673,7.495550,4.437092,9.265637
Asia_only,>2–5,58,346,4.000000,58,27,21,30,0,44,4,9,1,7.311180,5.158910,11.041009,9.314419,6.556931,11.307975
Asia_only,>5–10,36,217,7.000000,36,20,10,21,4,32,0,2,2,11.477015,7.667210,13.465578,9.962683,8.090232,17.332264
Asia_only,>10–20,24,75,15.000000,24,7,11,13,1,20,0,4,0,11.458500,4.796148,22.275409,13.865367,9.714262,16.975047
Asia_only,>20,12,45,25.500000,12,7,1,11,4,12,0,0,0,10.677934,6.002150,21.259971,18.454555,10.985925,28.406379
non_Asia,1–2,8,63,2.000000,0,6,1,1,0,5,0,2,1,6.012831,-3.871595,22.082019,6.288328,0.502478,37.076457
non_Asia,>2–5,12,93,4.000000,0,10,1,3,2,9,1,0,2,7.020973,0.935668,21.704423,2.228764,-0.406936,7.591383
non_Asia,>5–10,3,20,7.500000,0,3,0,0,0,2,1,0,0,34.326611,,,35.363936,,
non_Asia,>10–20,4,16,17.000000,0,4,0,2,0,2,0,2,0,10.353680,,,18.659706,,
non_Asia,>20,1,3,21.000000,0,1,0,0,0,0,0,0,1,-3.654822,,,-9.764464,,
exclude_soybean_papers,1–2,67,358,2.000000,59,30,27,26,0,54,0,10,3,5.594432,3.734078,6.722326,7.410667,4.937208,9.176688
exclude_soybean_papers,>2–5,68,421,4.000000,58,36,21,33,0,52,5,9,2,7.311180,5.306338,10.521043,8.288304,5.528036,10.811076
exclude_soybean_papers,>5–10,35,218,7.000000,32,21,10,19,0,30,1,2,2,11.764706,7.667210,13.543172,9.771987,7.857027,19.359331
exclude_soybean_papers,>10–20,27,89,15.500000,23,11,11,15,0,21,0,6,0,10.815604,4.270987,22.275409,13.309528,9.288293,16.975047
exclude_soybean_papers,>20,9,34,25.000000,8,7,1,7,0,8,0,0,1,9.933552,0.872544,23.350590,11.936937,1.800320,19.252874
single_duration_papers,1–2,35,142,2.000000,30,11,17,16,0,26,0,7,2,4.808628,2.581069,6.532105,7.149256,3.356109,8.564568
single_duration_papers,>2–5,47,226,4.000000,39,25,17,21,1,33,4,8,2,5.929145,4.386582,8.862849,8.924319,4.700898,10.985515
single_duration_papers,>5–10,27,102,7.000000,25,18,6,15,3,23,1,1,2,13.465578,9.533608,20.406412,10.383252,7.758994,21.496447
single_duration_papers,>10–20,22,51,15.500000,19,8,8,12,1,17,0,5,0,8.846660,3.751929,22.318702,13.865367,7.543243,17.780248
single_duration_papers,>20,10,32,27.500000,9,6,1,8,4,9,0,0,1,9.313290,5.114888,20.550961,19.175412,1.800320,31.060036
ratio_within_tenfold,1–2,68,368,2.000000,60,30,27,27,1,54,1,10,3,5.819389,4.040027,6.884587,7.279882,4.686851,9.012946
ratio_within_tenfold,>2–5,69,433,4.000000,57,36,22,33,2,52,5,9,3,6.504065,5.079155,8.921213,8.273567,5.387431,10.802146
ratio_within_tenfold,>5–10,39,237,7.000000,36,23,10,21,4,34,1,2,2,11.817435,9.533608,15.384615,10.153710,8.096591,19.359331
ratio_within_tenfold,>10–20,28,91,15.250000,24,11,11,15,1,22,0,6,0,11.458500,4.533237,22.297054,13.865367,9.669339,17.780248
ratio_within_tenfold,>20,13,48,25.000000,12,8,1,11,4,12,0,0,1,9.933552,5.309960,20.550961,17.814586,10.692415,25.806452
