crop_code,continent_omd,koppen_major_group,residue_allocated_t
maiz,Asia,A,63957575.3804169
maiz,Asia,B,85927166.17463863
maiz,Asia,C,110198721.14689893
maiz,Asia,D,156188542.08950472
maiz,Asia,E,208061.29350592
maiz,Americas,A,106080203.1995295
maiz,Americas,B,39073710.992454425
maiz,Americas,C,165195691.95052624
maiz,Americas,D,333491934.7354056
maiz,Americas,E,555209.57105976
maiz,Europe,A,338.79936075
maiz,Europe,B,1651153.798524045
maiz,Europe,C,58296103.32952354
maiz,Europe,D,79561494.57207927
maiz,Europe,E,43.5377343
maiz,Africa,A,64309260.45798571
maiz,Africa,B,26965058.32434037
maiz,Africa,C,28214232.91084223
maiz,Africa,D,130.3182143
maiz,Africa,E,0.0
maiz,Oceania,A,30336.03338201
maiz,Oceania,B,156033.33913121
maiz,Oceania,C,346760.93718261
maiz,Oceania,D,0.0
maiz,Oceania,E,5.6900623
rice,Asia,A,411103986.1407717
rice,Asia,B,67524764.88205098
rice,Asia,C,448062051.2848533
rice,Asia,D,61288778.37079717
rice,Asia,E,342242.0884949
rice,Americas,A,17608108.77003768
rice,Americas,B,2612299.93050736
rice,Americas,C,30147638.197259948
rice,Americas,D,0.0
rice,Americas,E,370531.06646101
rice,Europe,A,75129.28707025001
rice,Europe,B,463142.55499364
rice,Europe,C,3765244.946093868
rice,Europe,D,1129752.19358025
rice,Europe,E,0.0
rice,Africa,A,56032390.32015666
rice,Africa,B,15692943.80731311
rice,Africa,C,6431886.48239932
rice,Africa,D,140.45899
rice,Africa,E,0.0
rice,Oceania,A,21773.032287501
rice,Oceania,B,58075.131438562996
rice,Oceania,C,1733.836166091
rice,Oceania,D,0.0
rice,Oceania,E,0.0
whea,Asia,A,19816904.80778779
whea,Asia,B,200025323.9427516
whea,Asia,C,258666134.05104962
whea,Asia,D,99124706.38851185
whea,Asia,E,570047.01242221
whea,Americas,A,3009975.14525409
whea,Americas,B,37449236.0567533
whea,Americas,C,67164371.31682491
whea,Americas,D,88736511.60541768
whea,Americas,E,197326.9776975801
whea,Europe,A,178.83256494
whea,Europe,B,2522340.68832318
whea,Europe,C,154613449.88385853
whea,Europe,D,259987806.590745
whea,Europe,E,9436.05112018
whea,Africa,A,1878457.346875528
whea,Africa,B,23918371.162884794
whea,Africa,C,17479144.48896167
whea,Africa,D,6081.07164
whea,Africa,E,0.0
whea,Oceania,A,2411.24358096
whea,Oceania,B,15947742.89753422
whea,Oceania,C,11752889.89325902
whea,Oceania,D,0.0
whea,Oceania,E,0.0
