Item,residue_production_t,source_rows,numeric_source_rows,missing_source_rows,display_crop,focal_crop_code,share_of_all_omd_crops_pct
Maize,1320433614.0,164,164,0,Maize,maiz,27.549959934199777
Wheat,1262881782.0,123,122,1,Wheat,whea,26.349179638296317
"Rice, paddy",1122820012.0,115,114,1,Rice,rice,23.426884938357613
Soybeans,500085977.0,95,94,1,Soybean,,10.43395781804533
Barley,184331379.0,97,97,0,Barley,,3.8459503395115737
"Groundnuts, with shell",110281320.0,108,107,1,Groundnut,,2.3009456251926834
Sorghum,105156641.0,106,105,1,Sorghum,,2.194022641993291
Potatoes,53391638.0,154,153,1,Potato,,1.113980644029029
Millet,48045016.0,73,73,0,Millet,,1.0024269692955479
"Beans, dry",33542021.0,101,100,1,Dry beans,,0.6998317256274328
Oats,31612477.0,72,71,1,Oats,,0.6595730868532796
Rye,20287576.0,61,60,1,Rye,,0.42328663859812415
