crop_code,koppen_major_group,irrigated_ha,rainfed_ha,crop,total_ha,share_within_crop,irrigated_share
maiz,A,1838430.6541272753,56055016.4128857,Maize,57893447.06701298,0.2893169506963385,0.031755418743666275
maiz,B,12440406.363570265,12688513.516387144,Maize,25128919.879957408,0.1255793676535866,0.4950633144201561
maiz,C,10377167.599829262,44284145.995076105,Maize,54661313.59490537,0.2731646735774561,0.1898448265757823
maiz,D,11098682.487461349,51110874.14364798,Maize,62209556.631109335,0.31088629439961174,0.17840799852142322
maiz,E,103763.4999505599,106888.6003092609,Maize,210652.1002598208,0.0010527136730069857,0.492582318536472
rice,A,38347804.14877407,41606784.88774673,Rice,79954589.03652081,0.49074743867969095,0.4796198018259836
rice,B,9734205.730999872,2733787.099409372,Rice,12467992.830409244,0.07652638354760702,0.7807355893932095
rice,C,46762279.72094162,16780596.50004818,Rice,63542876.22098979,0.3900151839633334,0.7359169509153392
rice,D,6520244.1977709,318245.7006577338,Rice,6838489.898428634,0.041973468221541195,0.9534625764774675
rice,E,32903.799330902,87256.8996985415,Rice,120160.6990294435,0.0007375255878274303,0.2738316237894009
whea,A,2762463.7757000416,2710393.855417954,Wheat,5472857.631117996,0.025092935111541696,0.5047571053178895
whea,B,28175454.45173154,26653899.831862565,Wheat,54829354.2835941,0.25139141596214026,0.5138753651191936
whea,C,26123197.88458735,49490617.52634205,Wheat,75613815.4109294,0.3466877254131947,0.3454818109973517
whea,D,6317677.688641918,75639795.7259222,Wheat,81957473.41456412,0.37577326159632773,0.07708482735534458
whea,E,48377.3000596922,181648.1829667698,Wheat,230025.483026462,0.0010546619167955478,0.2103127854496317
