scenario,pathway,outcome,effects,trials,median_trial_response,positive_trials,negative_trials
strict_stage,biochar_return,CH4,28,4,-4.495278727349165,2,2
strict_stage,biochar_return,GHGI,46,3,-30.561900352659855,1,2
strict_stage,biochar_return,GWP,46,3,-16.03032515207002,1,2
strict_stage,biochar_return,N2O,28,4,-12.447014196214193,1,3
strict_stage,biochar_return,SOC,38,6,18.61132000494729,6,0
strict_stage,biochar_return,yield,66,8,9.048883031868678,7,1
strict_stage,direct_return,CH4,5,2,257.0805702649809,2,0
strict_stage,direct_return,GHGI,18,3,111.7922198276458,3,0
strict_stage,direct_return,GWP,14,2,54.56058702701119,2,0
strict_stage,direct_return,N2O,8,2,57.53393626556471,2,0
strict_stage,direct_return,SOC,42,8,9.614445225059388,8,0
strict_stage,direct_return,yield,44,10,4.796522933361986,9,1
strict_stage,open_burning,CH4,6,2,-4.0025112602985535,1,1
strict_stage,open_burning,GHGI,4,1,-6.200366849301614,0,1
strict_stage,open_burning,GWP,5,2,0.029877360622080608,1,1
strict_stage,open_burning,N2O,6,2,23.849572814481846,1,1
strict_stage,open_burning,SOC,11,6,2.5789063734641617,5,1
strict_stage,open_burning,SOC_sequestration_rate,1,1,-38.000000000000014,0,1
strict_stage,open_burning,net_GWP_SOC_adjusted,1,1,44.71830985915079,1,0
strict_stage,open_burning,yield,20,9,3.7191712651968865,7,2
without_Dong_vector_yield,biochar_return,CH4,28,4,-4.495278727349165,2,2
without_Dong_vector_yield,biochar_return,GHGI,46,3,-30.561900352659855,1,2
without_Dong_vector_yield,biochar_return,GWP,46,3,-16.03032515207002,1,2
without_Dong_vector_yield,biochar_return,N2O,28,4,-12.447014196214193,1,3
without_Dong_vector_yield,biochar_return,SOC,38,6,18.61132000494729,6,0
without_Dong_vector_yield,biochar_return,yield,48,7,10.815507262550346,6,1
without_Dong_vector_yield,direct_return,CH4,5,2,257.0805702649809,2,0
without_Dong_vector_yield,direct_return,GHGI,18,3,111.7922198276458,3,0
without_Dong_vector_yield,direct_return,GWP,14,2,54.56058702701119,2,0
without_Dong_vector_yield,direct_return,N2O,8,2,57.53393626556471,2,0
without_Dong_vector_yield,direct_return,SOC,42,8,9.614445225059388,8,0
without_Dong_vector_yield,direct_return,yield,44,10,4.796522933361986,9,1
without_Dong_vector_yield,open_burning,CH4,6,2,-4.0025112602985535,1,1
without_Dong_vector_yield,open_burning,GHGI,4,1,-6.200366849301614,0,1
without_Dong_vector_yield,open_burning,GWP,5,2,0.029877360622080608,1,1
without_Dong_vector_yield,open_burning,N2O,6,2,23.849572814481846,1,1
without_Dong_vector_yield,open_burning,SOC,11,6,2.5789063734641617,5,1
without_Dong_vector_yield,open_burning,SOC_sequestration_rate,1,1,-38.000000000000014,0,1
without_Dong_vector_yield,open_burning,net_GWP_SOC_adjusted,1,1,44.71830985915079,1,0
without_Dong_vector_yield,open_burning,yield,20,9,3.7191712651968865,7,2
without_Yang_outdoor_lysimeter,biochar_return,CH4,24,3,13.053913933079725,2,1
without_Yang_outdoor_lysimeter,biochar_return,GHGI,42,2,-16.38698955846255,1,1
without_Yang_outdoor_lysimeter,biochar_return,GWP,42,2,-9.306991917743963,1,1
without_Yang_outdoor_lysimeter,biochar_return,N2O,24,3,-0.28028332551621987,1,2
without_Yang_outdoor_lysimeter,biochar_return,SOC,38,6,18.61132000494729,6,0
without_Yang_outdoor_lysimeter,biochar_return,yield,62,7,7.31042237909707,6,1
without_Yang_outdoor_lysimeter,direct_return,CH4,5,2,257.0805702649809,2,0
without_Yang_outdoor_lysimeter,direct_return,GHGI,18,3,111.7922198276458,3,0
without_Yang_outdoor_lysimeter,direct_return,GWP,14,2,54.56058702701119,2,0
without_Yang_outdoor_lysimeter,direct_return,N2O,8,2,57.53393626556471,2,0
without_Yang_outdoor_lysimeter,direct_return,SOC,42,8,9.614445225059388,8,0
without_Yang_outdoor_lysimeter,direct_return,yield,44,10,4.796522933361986,9,1
without_Yang_outdoor_lysimeter,open_burning,CH4,6,2,-4.0025112602985535,1,1
without_Yang_outdoor_lysimeter,open_burning,GHGI,4,1,-6.200366849301614,0,1
without_Yang_outdoor_lysimeter,open_burning,GWP,5,2,0.029877360622080608,1,1
without_Yang_outdoor_lysimeter,open_burning,N2O,6,2,23.849572814481846,1,1
without_Yang_outdoor_lysimeter,open_burning,SOC,11,6,2.5789063734641617,5,1
without_Yang_outdoor_lysimeter,open_burning,SOC_sequestration_rate,1,1,-38.000000000000014,0,1
without_Yang_outdoor_lysimeter,open_burning,net_GWP_SOC_adjusted,1,1,44.71830985915079,1,0
without_Yang_outdoor_lysimeter,open_burning,yield,20,9,3.7191712651968865,7,2
