study_id,crop_display,experiment_year,season,shared_control_group,contrast,a_effect_id,b_effect_id,a_arm,b_arm,difference_lnrr,percent,matching_note,doi
amgain_bhairahawa_2019_2021,rice,2019-2021 pooled,,amgain_2025_removal_yield,direct_return_vs_open_burning,amgain_2025_direct_return_vs_removal_yield,amgain_2025_open_burning_vs_removal_yield,crop residue incorporated into soil (R2),crop residue burned in field (R1),0.08432360472799999,8.798091261557524,same_explicit_shared_control_and_mean; missing_water_or_N_labels_not_imputed,10.3126/jiaas.v39i1.88273
rice_primary_53,rice,2011,,study53_2011_NPK,direct_return_vs_open_burning,rice_primary_53_2011_direct_yield,rice_primary_53_2011_yield,NPK+RSM,NPK plus in-situ rice-straw burning,0.1014264068217,10.674846625760125,same_explicit_shared_control_and_mean; missing_water_or_N_labels_not_imputed,10.1007/s11356-015-5227-7
rice_primary_53,rice,2012,,study53_2012_NPK,direct_return_vs_open_burning,rice_primary_53_2012_direct_yield,rice_primary_53_2012_yield,NPK+RSM,NPK plus in-situ rice-straw burning,-0.004540302918699994,-0.4530011324945667,same_explicit_shared_control_and_mean; missing_water_or_N_labels_not_imputed,10.1007/s11356-015-5227-7
rice_primary_53,rice,2013,,study53_2013_NPK,direct_return_vs_open_burning,rice_primary_53_2013_direct_yield,rice_primary_53_2013_yield,NPK+RSM,NPK plus in-situ rice-straw burning,0.0032948958969000047,0.3300330033050906,same_explicit_shared_control_and_mean; missing_water_or_N_labels_not_imputed,10.1007/s11356-015-5227-7
nayak_bhubaneswar_2020_2021,rice,2020,Kharif_wet,nayak_2020_C1,direct_return_vs_open_burning,nayak_bhubaneswar_2020_return_yield,nayak_bhubaneswar_2020_burning_yield,C3: in-situ rice residue incorporation,C2: in-situ rice residue burning,0.015705844315799997,1.5829829334664969,same_explicit_shared_control_and_mean; missing_water_or_N_labels_not_imputed,
nayak_bhubaneswar_2020_2021,rice,2021,Kharif_wet,nayak_2021_C1,direct_return_vs_open_burning,nayak_bhubaneswar_2021_return_yield,nayak_bhubaneswar_2021_burning_yield,C3: in-situ rice residue incorporation,C2: in-situ rice residue burning,0.0316649146441,3.2171581769572537,same_explicit_shared_control_and_mean; missing_water_or_N_labels_not_imputed,
jijnasa_bhubaneswar_2022_2024,rice,Kharif_2022,Kharif_wet,jijnasa_Kharif_2022_S1,direct_return_vs_open_burning,jijnasa_k22_return_yield,jijnasa_k22_burn_yield,S3: in-situ rice straw incorporation,S2: in-field rice straw burning,0.1175934082741,12.478668942033373,same_explicit_shared_control_and_mean; missing_water_or_N_labels_not_imputed,10.14719/pst.9983
jijnasa_bhubaneswar_2022_2024,rice,Kharif_2023,Kharif_wet,jijnasa_Kharif_2023_S1,direct_return_vs_open_burning,jijnasa_k23_return_yield,jijnasa_k23_burn_yield,S3: in-situ rice straw incorporation,S2: in-field rice straw burning,0.0903643554819,9.457302474096224,same_explicit_shared_control_and_mean; missing_water_or_N_labels_not_imputed,10.14719/pst.9983
jijnasa_bhubaneswar_2022_2024,rice,Rabi_2023,Rabi_dry,jijnasa_Rabi_2023_S1,direct_return_vs_open_burning,jijnasa_r23_return_yield,jijnasa_r23_burn_yield,S3: in-situ rice straw incorporation,S2: in-field rice straw burning,0.0751410300966,7.803617571034037,same_explicit_shared_control_and_mean; missing_water_or_N_labels_not_imputed,10.14719/pst.9983
jijnasa_bhubaneswar_2022_2024,rice,Rabi_2024,Rabi_dry,jijnasa_Rabi_2024_S1,direct_return_vs_open_burning,jijnasa_r24_return_yield,jijnasa_r24_burn_yield,S3: in-situ rice straw incorporation,S2: in-field rice straw burning,0.12399764165649999,13.20132013200519,same_explicit_shared_control_and_mean; missing_water_or_N_labels_not_imputed,10.14719/pst.9983
qin_huizhou_2012_2015,rice,2012,early rice,qin_2016_2012_early_CK_yield,biochar_return_vs_direct_return,qin_2016_2012_early_BC1_vs_CK_yield,qin_2016_2012_early_RS_vs_CK_yield,BC1,RS,0.0790843148028,8.229557176111518,same_explicit_shared_control_and_mean; missing_water_or_N_labels_not_imputed,10.1016/j.scitotenv.2016.06.222
qin_huizhou_2012_2015,rice,2012,early rice,qin_2016_2012_early_CK_yield,biochar_return_vs_direct_return,qin_2016_2012_early_BC2_vs_CK_yield,qin_2016_2012_early_RS_vs_CK_yield,BC2,RS,0.029734148639700003,3.0180622625400875,same_explicit_shared_control_and_mean; missing_water_or_N_labels_not_imputed,10.1016/j.scitotenv.2016.06.222
qin_huizhou_2012_2015,rice,2012,early rice,qin_2016_2012_early_CK_yield,biochar_return_vs_direct_return,qin_2016_2012_early_BC3_vs_CK_yield,qin_2016_2012_early_RS_vs_CK_yield,BC3,RS,0.12177171128559999,12.949622110557895,same_explicit_shared_control_and_mean; missing_water_or_N_labels_not_imputed,10.1016/j.scitotenv.2016.06.222
qin_huizhou_2012_2015,rice,2012,late rice,qin_2016_2012_late_CK_yield,biochar_return_vs_direct_return,qin_2016_2012_late_BC1_vs_CK_yield,qin_2016_2012_late_RS_vs_CK_yield,BC1,RS,-0.0026268883396000017,-0.26234410876016573,same_explicit_shared_control_and_mean; missing_water_or_N_labels_not_imputed,10.1016/j.scitotenv.2016.06.222
qin_huizhou_2012_2015,rice,2012,late rice,qin_2016_2012_late_CK_yield,biochar_return_vs_direct_return,qin_2016_2012_late_BC2_vs_CK_yield,qin_2016_2012_late_RS_vs_CK_yield,BC2,RS,0.045818362013000005,4.688423974037309,same_explicit_shared_control_and_mean; missing_water_or_N_labels_not_imputed,10.1016/j.scitotenv.2016.06.222
qin_huizhou_2012_2015,rice,2012,late rice,qin_2016_2012_late_CK_yield,biochar_return_vs_direct_return,qin_2016_2012_late_BC3_vs_CK_yield,qin_2016_2012_late_RS_vs_CK_yield,BC3,RS,0.0094622998379,0.9507208933022449,same_explicit_shared_control_and_mean; missing_water_or_N_labels_not_imputed,10.1016/j.scitotenv.2016.06.222
qin_huizhou_2012_2015,rice,2013,early rice,qin_2016_2013_early_CK_yield,biochar_return_vs_direct_return,qin_2016_2013_early_BC1_vs_CK_yield,qin_2016_2013_early_RS_vs_CK_yield,BC1,RS,-0.011365012137099999,-1.1300674350564275,same_explicit_shared_control_and_mean; missing_water_or_N_labels_not_imputed,10.1016/j.scitotenv.2016.06.222
qin_huizhou_2012_2015,rice,2013,early rice,qin_2016_2013_early_CK_yield,biochar_return_vs_direct_return,qin_2016_2013_early_BC2_vs_CK_yield,qin_2016_2013_early_RS_vs_CK_yield,BC2,RS,-0.0016167259014000027,-0.16154197040957055,same_explicit_shared_control_and_mean; missing_water_or_N_labels_not_imputed,10.1016/j.scitotenv.2016.06.222
qin_huizhou_2012_2015,rice,2013,early rice,qin_2016_2013_early_CK_yield,biochar_return_vs_direct_return,qin_2016_2013_early_BC3_vs_CK_yield,qin_2016_2013_early_RS_vs_CK_yield,BC3,RS,0.04111214688249999,4.196895256303444,same_explicit_shared_control_and_mean; missing_water_or_N_labels_not_imputed,10.1016/j.scitotenv.2016.06.222
qin_huizhou_2012_2015,rice,2013,late rice,qin_2016_2013_late_CK_yield,biochar_return_vs_direct_return,qin_2016_2013_late_BC1_vs_CK_yield,qin_2016_2013_late_RS_vs_CK_yield,BC1,RS,0.1034364857507,10.897535539099412,same_explicit_shared_control_and_mean; missing_water_or_N_labels_not_imputed,10.1016/j.scitotenv.2016.06.222
qin_huizhou_2012_2015,rice,2013,late rice,qin_2016_2013_late_CK_yield,biochar_return_vs_direct_return,qin_2016_2013_late_BC2_vs_CK_yield,qin_2016_2013_late_RS_vs_CK_yield,BC2,RS,0.066140123001344,6.837641078723329,same_explicit_shared_control_and_mean; missing_water_or_N_labels_not_imputed,10.1016/j.scitotenv.2016.06.222
qin_huizhou_2012_2015,rice,2013,late rice,qin_2016_2013_late_CK_yield,biochar_return_vs_direct_return,qin_2016_2013_late_BC3_vs_CK_yield,qin_2016_2013_late_RS_vs_CK_yield,BC3,RS,0.12346476471260001,13.141013827834373,same_explicit_shared_control_and_mean; missing_water_or_N_labels_not_imputed,10.1016/j.scitotenv.2016.06.222
qin_huizhou_2012_2015,rice,2014,early rice,qin_2016_2014_early_CK_yield,biochar_return_vs_direct_return,qin_2016_2014_early_BC1_vs_CK_yield,qin_2016_2014_early_RS_vs_CK_yield,BC1,RS,-0.0324072072996,-3.1887720583825856,same_explicit_shared_control_and_mean; missing_water_or_N_labels_not_imputed,10.1016/j.scitotenv.2016.06.222
qin_huizhou_2012_2015,rice,2014,early rice,qin_2016_2014_early_CK_yield,biochar_return_vs_direct_return,qin_2016_2014_early_BC2_vs_CK_yield,qin_2016_2014_early_RS_vs_CK_yield,BC2,RS,0.0495934827993,5.084382344553038,same_explicit_shared_control_and_mean; missing_water_or_N_labels_not_imputed,10.1016/j.scitotenv.2016.06.222
qin_huizhou_2012_2015,rice,2014,early rice,qin_2016_2014_early_CK_yield,biochar_return_vs_direct_return,qin_2016_2014_early_BC3_vs_CK_yield,qin_2016_2014_early_RS_vs_CK_yield,BC3,RS,0.1082457706486,11.432157927221006,same_explicit_shared_control_and_mean; missing_water_or_N_labels_not_imputed,10.1016/j.scitotenv.2016.06.222
qin_huizhou_2012_2015,rice,2014,late rice,qin_2016_2014_late_CK_yield,biochar_return_vs_direct_return,qin_2016_2014_late_BC1_vs_CK_yield,qin_2016_2014_late_RS_vs_CK_yield,BC1,RS,0.06101979857289999,6.291995827715391,same_explicit_shared_control_and_mean; missing_water_or_N_labels_not_imputed,10.1016/j.scitotenv.2016.06.222
qin_huizhou_2012_2015,rice,2014,late rice,qin_2016_2014_late_CK_yield,biochar_return_vs_direct_return,qin_2016_2014_late_BC2_vs_CK_yield,qin_2016_2014_late_RS_vs_CK_yield,BC2,RS,0.1165325427359,12.359407469748248,same_explicit_shared_control_and_mean; missing_water_or_N_labels_not_imputed,10.1016/j.scitotenv.2016.06.222
qin_huizhou_2012_2015,rice,2014,late rice,qin_2016_2014_late_CK_yield,biochar_return_vs_direct_return,qin_2016_2014_late_BC3_vs_CK_yield,qin_2016_2014_late_RS_vs_CK_yield,BC3,RS,0.0559328831412,5.752670348421713,same_explicit_shared_control_and_mean; missing_water_or_N_labels_not_imputed,10.1016/j.scitotenv.2016.06.222
qin_huizhou_2012_2015,rice,2015,early rice,qin_2016_2015_early_CK_yield,biochar_return_vs_direct_return,qin_2016_2015_early_BC1_vs_CK_yield,qin_2016_2015_early_RS_vs_CK_yield,BC1,RS,-0.004028317130799999,-0.4020214345194963,same_explicit_shared_control_and_mean; missing_water_or_N_labels_not_imputed,10.1016/j.scitotenv.2016.06.222
qin_huizhou_2012_2015,rice,2015,early rice,qin_2016_2015_early_CK_yield,biochar_return_vs_direct_return,qin_2016_2015_early_BC2_vs_CK_yield,qin_2016_2015_early_RS_vs_CK_yield,BC2,RS,-0.009231541218409998,-0.9189061360461853,same_explicit_shared_control_and_mean; missing_water_or_N_labels_not_imputed,10.1016/j.scitotenv.2016.06.222
qin_huizhou_2012_2015,rice,2015,early rice,qin_2016_2015_early_CK_yield,biochar_return_vs_direct_return,qin_2016_2015_early_BC3_vs_CK_yield,qin_2016_2015_early_RS_vs_CK_yield,BC3,RS,0.018496148507600004,1.8668261768951298,same_explicit_shared_control_and_mean; missing_water_or_N_labels_not_imputed,10.1016/j.scitotenv.2016.06.222
qin_huizhou_2012_2015,rice,2015,late rice,qin_2016_2015_late_CK_yield,biochar_return_vs_direct_return,qin_2016_2015_late_BC1_vs_CK_yield,qin_2016_2015_late_RS_vs_CK_yield,BC1,RS,0.01411967743088,1.4219830899314836,same_explicit_shared_control_and_mean; missing_water_or_N_labels_not_imputed,10.1016/j.scitotenv.2016.06.222
qin_huizhou_2012_2015,rice,2015,late rice,qin_2016_2015_late_CK_yield,biochar_return_vs_direct_return,qin_2016_2015_late_BC2_vs_CK_yield,qin_2016_2015_late_RS_vs_CK_yield,BC2,RS,-0.01350672214418,-1.3415915665018507,same_explicit_shared_control_and_mean; missing_water_or_N_labels_not_imputed,10.1016/j.scitotenv.2016.06.222
qin_huizhou_2012_2015,rice,2015,late rice,qin_2016_2015_late_CK_yield,biochar_return_vs_direct_return,qin_2016_2015_late_BC3_vs_CK_yield,qin_2016_2015_late_RS_vs_CK_yield,BC3,RS,0.09830598125222001,10.330032268009823,same_explicit_shared_control_and_mean; missing_water_or_N_labels_not_imputed,10.1016/j.scitotenv.2016.06.222
jijnasa_bhubaneswar_2022_2024,rice,Kharif_2022,Kharif_wet,jijnasa_Kharif_2022_S1,biochar_return_vs_direct_return,jijnasa_k22_biochar_yield,jijnasa_k22_return_yield,S4: rice-straw biochar produced off-field and returned,S3: in-situ rice straw incorporation,-0.042221608076000006,-4.134268917134755,same_explicit_shared_control_and_mean; missing_water_or_N_labels_not_imputed,10.14719/pst.9983
jijnasa_bhubaneswar_2022_2024,rice,Kharif_2023,Kharif_wet,jijnasa_Kharif_2023_S1,biochar_return_vs_direct_return,jijnasa_k23_biochar_yield,jijnasa_k23_return_yield,S4: rice-straw biochar produced off-field and returned,S3: in-situ rice straw incorporation,-0.03336113680019999,-3.2810791104955337,same_explicit_shared_control_and_mean; missing_water_or_N_labels_not_imputed,10.14719/pst.9983
jijnasa_bhubaneswar_2022_2024,rice,Rabi_2023,Rabi_dry,jijnasa_Rabi_2023_S1,biochar_return_vs_direct_return,jijnasa_r23_biochar_yield,jijnasa_r23_return_yield,S4: rice-straw biochar produced off-field and returned,S3: in-situ rice straw incorporation,-0.0351255622819,-3.451581975041963,same_explicit_shared_control_and_mean; missing_water_or_N_labels_not_imputed,10.14719/pst.9983
jijnasa_bhubaneswar_2022_2024,rice,Rabi_2024,Rabi_dry,jijnasa_Rabi_2024_S1,biochar_return_vs_direct_return,jijnasa_r24_biochar_yield,jijnasa_r24_return_yield,S4: rice-straw biochar produced off-field and returned,S3: in-situ rice straw incorporation,-0.03166912338899999,-3.1172908723618464,same_explicit_shared_control_and_mean; missing_water_or_N_labels_not_imputed,10.14719/pst.9983
