study_id,pathway,outcome,soc_kind,n_effects,mean_lnrr,percent,effect_ids,countries,crops,doi,citations
amgain_bhairahawa_2019_2021,direct_return,SOC,SOM_proxy,2,0.1189823608284,12.635005023130772,amgain_2025_direct_return_vs_removal_SOC_0_10cm|amgain_2025_direct_return_vs_removal_SOC_10_20cm,Nepal,rice,10.3126/jiaas.v39i1.88273,Amgain et al. 2025
amgain_bhairahawa_2019_2021,direct_return,yield,not_SOC,1,0.028640912228,2.9055007052192217,amgain_2025_direct_return_vs_removal_yield,Nepal,rice,10.3126/jiaas.v39i1.88273,Amgain et al. 2025
amgain_bhairahawa_2019_2021,open_burning,SOC,SOM_proxy,2,-0.016232682383265,-1.6101642396184082,amgain_2025_open_burning_vs_removal_SOC_0_10cm|amgain_2025_open_burning_vs_removal_SOC_10_20cm,Nepal,rice,10.3126/jiaas.v39i1.88273,Amgain et al. 2025
amgain_bhairahawa_2019_2021,open_burning,yield,not_SOC,1,-0.0556826925,-5.416078984485253,amgain_2025_open_burning_vs_removal_yield,Nepal,rice,10.3126/jiaas.v39i1.88273,Amgain et al. 2025
basir_nowshera_2009_2011,open_burning,yield,not_SOC,1,0.0673932094883,6.971601797711657,basir_2016_open_burning_vs_removal_yield_pooled_2009_2011,Pakistan,wheat,10.17957/IJAB/14.0030,Basir et al. 2016
biochar_li2024SD_3,biochar_return,CH4,not_SOC,2,0.5080729061185001,66.20851126761531,BiocharDS_v1_row_00015_CH4|BiocharDS_v1_row_00016_CH4,China,rice,10.1016/j.agee.2010.09.003,
biochar_li2024SD_3,biochar_return,N2O,not_SOC,2,-0.27989446655899997,-24.413649387654093,BiocharDS_v1_row_00015_N2O|BiocharDS_v1_row_00016_N2O,China,rice,10.1016/j.agee.2010.09.003,
biochar_li2024SD_3,biochar_return,SOC,SOC_concentration,2,0.2742268387257,31.551317772876462,BiocharDS_v1_row_00015_SOC|BiocharDS_v1_row_00016_SOC,China,rice,10.1016/j.agee.2010.09.003,
biochar_li2024SD_3,biochar_return,yield,not_SOC,2,0.1203105388155,12.784703748648935,BiocharDS_v1_row_00015_CropYield|BiocharDS_v1_row_00016_CropYield,China,rice,10.1016/j.agee.2010.09.003,
biochar_li2024SD_31,biochar_return,yield,not_SOC,6,-0.016183089144566665,-1.6052846480116778,BiocharDS_v1_row_00240_CropYield|BiocharDS_v1_row_00241_CropYield|BiocharDS_v1_row_00242_CropYield|BiocharDS_v1_row_00243_CropYield|BiocharDS_v1_row_00244_CropYield|BiocharDS_v1_row_00245_CropYield,China,rice,,
biochar_li2024SD_71,biochar_return,CH4,not_SOC,4,-0.21468363802025,-19.320336041034103,BiocharDS_v1_row_00470_CH4|BiocharDS_v1_row_00471_CH4|BiocharDS_v1_row_00474_CH4|BiocharDS_v1_row_00475_CH4,China,rice,10.1016/j.agee.2014.03.002,
biochar_li2024SD_71,biochar_return,N2O,not_SOC,4,0.32577913826675,38.51094174208718,BiocharDS_v1_row_00470_N2O|BiocharDS_v1_row_00471_N2O|BiocharDS_v1_row_00474_N2O|BiocharDS_v1_row_00475_N2O,China,rice,10.1016/j.agee.2014.03.002,
biochar_li2024SD_71,biochar_return,yield,not_SOC,4,0.025530393483100003,2.585908522739342,BiocharDS_v1_row_00470_CropYield|BiocharDS_v1_row_00471_CropYield|BiocharDS_v1_row_00474_CropYield|BiocharDS_v1_row_00475_CropYield,China,rice,10.1016/j.agee.2014.03.002,
biochar_li2024SD_73,biochar_return,SOC,SOC_concentration,12,0.11390306537494166,12.064349046244757,BiocharDS_v1_row_00489_SOC|BiocharDS_v1_row_00490_SOC|BiocharDS_v1_row_00491_SOC|BiocharDS_v1_row_00496_SOC|BiocharDS_v1_row_00497_SOC|BiocharDS_v1_row_00498_SOC|BiocharDS_v1_row_00503_SOC|BiocharDS_v1_row_00504_SOC|BiocharDS_v1_row_00505_SOC|BiocharDS_v1_row_00510_SOC|BiocharDS_v1_row_00511_SOC|BiocharDS_v1_row_00512_SOC,China,maize,10.1007/s42773-021-00090-6,
dong_harbin_2015_2017,biochar_return,CH4,not_SOC,18,0.12269463339337221,13.053913933079725,dong_2024_CH4_2015_N1C1_vs_N1C0|dong_2024_CH4_2015_N1C2_vs_N1C0|dong_2024_CH4_2015_N1C3_vs_N1C0|dong_2024_CH4_2015_N2C1_vs_N2C0|dong_2024_CH4_2015_N2C2_vs_N2C0|dong_2024_CH4_2015_N2C3_vs_N2C0|dong_2024_CH4_2016_N1C1_vs_N1C0|dong_2024_CH4_2016_N1C2_vs_N1C0|dong_2024_CH4_2016_N1C3_vs_N1C0|dong_2024_CH4_2016_N2C1_vs_N2C0|dong_2024_CH4_2016_N2C2_vs_N2C0|dong_2024_CH4_2016_N2C3_vs_N2C0|dong_2024_CH4_2017_N1C1_vs_N1C0|dong_2024_CH4_2017_N1C2_vs_N1C0|dong_2024_CH4_2017_N1C3_vs_N1C0|dong_2024_CH4_2017_N2C1_vs_N2C0|dong_2024_CH4_2017_N2C2_vs_N2C0|dong_2024_CH4_2017_N2C3_vs_N2C0,China,rice,10.3390/agronomy14123050,Dong et al. 2024
dong_harbin_2015_2017,biochar_return,GHGI,not_SOC,18,0.006792381410277781,0.6815501951089038,dong_2024_GHGI_2015_N1C1_vs_N1C0|dong_2024_GHGI_2015_N1C2_vs_N1C0|dong_2024_GHGI_2015_N1C3_vs_N1C0|dong_2024_GHGI_2015_N2C1_vs_N2C0|dong_2024_GHGI_2015_N2C2_vs_N2C0|dong_2024_GHGI_2015_N2C3_vs_N2C0|dong_2024_GHGI_2016_N1C1_vs_N1C0|dong_2024_GHGI_2016_N1C2_vs_N1C0|dong_2024_GHGI_2016_N1C3_vs_N1C0|dong_2024_GHGI_2016_N2C1_vs_N2C0|dong_2024_GHGI_2016_N2C2_vs_N2C0|dong_2024_GHGI_2016_N2C3_vs_N2C0|dong_2024_GHGI_2017_N1C1_vs_N1C0|dong_2024_GHGI_2017_N1C2_vs_N1C0|dong_2024_GHGI_2017_N1C3_vs_N1C0|dong_2024_GHGI_2017_N2C1_vs_N2C0|dong_2024_GHGI_2017_N2C2_vs_N2C0|dong_2024_GHGI_2017_N2C3_vs_N2C0,China,rice,10.3390/agronomy14123050,Dong et al. 2024
dong_harbin_2015_2017,biochar_return,GWP,not_SOC,18,0.11243438724315553,11.899883390566563,dong_2024_GWP_2015_N1C1_vs_N1C0|dong_2024_GWP_2015_N1C2_vs_N1C0|dong_2024_GWP_2015_N1C3_vs_N1C0|dong_2024_GWP_2015_N2C1_vs_N2C0|dong_2024_GWP_2015_N2C2_vs_N2C0|dong_2024_GWP_2015_N2C3_vs_N2C0|dong_2024_GWP_2016_N1C1_vs_N1C0|dong_2024_GWP_2016_N1C2_vs_N1C0|dong_2024_GWP_2016_N1C3_vs_N1C0|dong_2024_GWP_2016_N2C1_vs_N2C0|dong_2024_GWP_2016_N2C2_vs_N2C0|dong_2024_GWP_2016_N2C3_vs_N2C0|dong_2024_GWP_2017_N1C1_vs_N1C0|dong_2024_GWP_2017_N1C2_vs_N1C0|dong_2024_GWP_2017_N1C3_vs_N1C0|dong_2024_GWP_2017_N2C1_vs_N2C0|dong_2024_GWP_2017_N2C2_vs_N2C0|dong_2024_GWP_2017_N2C3_vs_N2C0,China,rice,10.3390/agronomy14123050,Dong et al. 2024
dong_harbin_2015_2017,biochar_return,N2O,not_SOC,18,-0.0028067685473222212,-0.28028332551621954,dong_2024_N2O_2015_N1C1_vs_N1C0|dong_2024_N2O_2015_N1C2_vs_N1C0|dong_2024_N2O_2015_N1C3_vs_N1C0|dong_2024_N2O_2015_N2C1_vs_N2C0|dong_2024_N2O_2015_N2C2_vs_N2C0|dong_2024_N2O_2015_N2C3_vs_N2C0|dong_2024_N2O_2016_N1C1_vs_N1C0|dong_2024_N2O_2016_N1C2_vs_N1C0|dong_2024_N2O_2016_N1C3_vs_N1C0|dong_2024_N2O_2016_N2C1_vs_N2C0|dong_2024_N2O_2016_N2C2_vs_N2C0|dong_2024_N2O_2016_N2C3_vs_N2C0|dong_2024_N2O_2017_N1C1_vs_N1C0|dong_2024_N2O_2017_N1C2_vs_N1C0|dong_2024_N2O_2017_N1C3_vs_N1C0|dong_2024_N2O_2017_N2C1_vs_N2C0|dong_2024_N2O_2017_N2C2_vs_N2C0|dong_2024_N2O_2017_N2C3_vs_N2C0,China,rice,10.3390/agronomy14123050,Dong et al. 2024
dong_harbin_2015_2017,biochar_return,SOC,SOC_concentration,18,0.044315286257227776,4.531187540790158,dong_2024_SOC_2015_N1C1_vs_N1C0|dong_2024_SOC_2015_N1C2_vs_N1C0|dong_2024_SOC_2015_N1C3_vs_N1C0|dong_2024_SOC_2015_N2C1_vs_N2C0|dong_2024_SOC_2015_N2C2_vs_N2C0|dong_2024_SOC_2015_N2C3_vs_N2C0|dong_2024_SOC_2016_N1C1_vs_N1C0|dong_2024_SOC_2016_N1C2_vs_N1C0|dong_2024_SOC_2016_N1C3_vs_N1C0|dong_2024_SOC_2016_N2C1_vs_N2C0|dong_2024_SOC_2016_N2C2_vs_N2C0|dong_2024_SOC_2016_N2C3_vs_N2C0|dong_2024_SOC_2017_N1C1_vs_N1C0|dong_2024_SOC_2017_N1C2_vs_N1C0|dong_2024_SOC_2017_N1C3_vs_N1C0|dong_2024_SOC_2017_N2C1_vs_N2C0|dong_2024_SOC_2017_N2C2_vs_N2C0|dong_2024_SOC_2017_N2C3_vs_N2C0,China,rice,10.3390/agronomy14123050,Dong et al. 2024
du_dingxi_2016_2022,direct_return,GHGI,not_SOC,6,0.05746967673741666,5.915315318860139,du_dingxi_2016_2022_2021_HN_GHGI|du_dingxi_2016_2022_2021_LN_GHGI|du_dingxi_2016_2022_2021_MN_GHGI|du_dingxi_2016_2022_2022_HN_GHGI|du_dingxi_2016_2022_2022_LN_GHGI|du_dingxi_2016_2022_2022_MN_GHGI,China,wheat,10.3390/agronomy14092087,
du_dingxi_2016_2022,direct_return,GWP,not_SOC,6,0.1087082508199,11.483705009540474,du_dingxi_2016_2022_2021_HN_GWP|du_dingxi_2016_2022_2021_LN_GWP|du_dingxi_2016_2022_2021_MN_GWP|du_dingxi_2016_2022_2022_HN_GWP|du_dingxi_2016_2022_2022_LN_GWP|du_dingxi_2016_2022_2022_MN_GWP,China,wheat,10.3390/agronomy14092087,
du_dingxi_2016_2022,direct_return,SOC,SOC_concentration,6,0.05940766026621667,6.120776481264448,du_dingxi_2016_2022_2021_HN_SOC|du_dingxi_2016_2022_2021_LN_SOC|du_dingxi_2016_2022_2021_MN_SOC|du_dingxi_2016_2022_2022_HN_SOC|du_dingxi_2016_2022_2022_LN_SOC|du_dingxi_2016_2022_2022_MN_SOC,China,wheat,10.3390/agronomy14092087,
du_dingxi_2016_2022,direct_return,yield,not_SOC,6,0.05446333817296833,5.59737617766503,du_dingxi_2016_2022_2021_HN_yield|du_dingxi_2016_2022_2021_LN_yield|du_dingxi_2016_2022_2021_MN_yield|du_dingxi_2016_2022_2022_HN_yield|du_dingxi_2016_2022_2022_LN_yield|du_dingxi_2016_2022_2022_MN_yield,China,wheat,10.3390/agronomy14092087,
huang_jinxian_2010_2017,direct_return,SOC,SOC_concentration,2,0.06461559785109999,6.674888499628269,huang_2021_direct_return_early_rice_TOC|huang_2021_direct_return_late_rice_TOC,China,rice,10.1016/S2095-3119(20)63347-0,Huang et al. 2021
huang_jinxian_2010_2017,open_burning,SOC,SOC_concentration,2,0.020152610753124998,2.035704560246681,huang_2021_open_burning_early_rice_TOC|huang_2021_open_burning_late_rice_TOC,China,rice,10.1016/S2095-3119(20)63347-0,Huang et al. 2021
huang_shangzhuang_2006_2013,direct_return,N2O,not_SOC,6,0.4778796244908334,61.26513479721627,huang_shangzhuang_2006_2013_N2O_N0_maize_2012|huang_shangzhuang_2006_2013_N2O_N0_wheat_2011_2012|huang_shangzhuang_2006_2013_N2O_N0_wheat_2012_2013|huang_shangzhuang_2006_2013_N2O_Ncon_maize_2011|huang_shangzhuang_2006_2013_N2O_Ncon_maize_2012|huang_shangzhuang_2006_2013_N2O_Ncon_wheat_2012_2013,China,maize|wheat,10.5194/bg-10-7897-2013,
huang_shangzhuang_2006_2013,direct_return,yield,not_SOC,8,0.048171175140172495,4.935026263017487,huang_shangzhuang_2006_2013_yield_N0_maize_2011|huang_shangzhuang_2006_2013_yield_N0_maize_2012|huang_shangzhuang_2006_2013_yield_N0_wheat_2010_2011|huang_shangzhuang_2006_2013_yield_N0_wheat_2011_2012|huang_shangzhuang_2006_2013_yield_Ncon_maize_2011|huang_shangzhuang_2006_2013_yield_Ncon_maize_2012|huang_shangzhuang_2006_2013_yield_Ncon_wheat_2010_2011|huang_shangzhuang_2006_2013_yield_Ncon_wheat_2011_2012,China,maize|wheat,10.5194/bg-10-7897-2013,
jijnasa_bhubaneswar_2022_2024,biochar_return,SOC,SOC_concentration,2,0.14326131598449998,15.403132910023306,jijnasa_2223_biochar_soc|jijnasa_2324_biochar_soc,India,rice,10.14719/pst.10362,
jijnasa_bhubaneswar_2022_2024,biochar_return,yield,not_SOC,4,0.102696535775225,10.815507262550346,jijnasa_k22_biochar_yield|jijnasa_k23_biochar_yield|jijnasa_r23_biochar_yield|jijnasa_r24_biochar_yield,India,rice,10.14719/pst.9983,
jijnasa_bhubaneswar_2022_2024,direct_return,SOC,SOC_concentration,2,0.21580060686699998,24.085493637894864,jijnasa_2223_return_soc|jijnasa_2324_return_soc,India,rice,10.14719/pst.10362,
jijnasa_bhubaneswar_2022_2024,direct_return,yield,not_SOC,4,0.138290893412,14.830953737385885,jijnasa_k22_return_yield|jijnasa_k23_return_yield|jijnasa_r23_return_yield|jijnasa_r24_return_yield,India,rice,10.14719/pst.9983,
jijnasa_bhubaneswar_2022_2024,open_burning,SOC,SOC_concentration,2,0.047810546517899996,4.897190511805597,jijnasa_2223_burn_soc|jijnasa_2324_burn_soc,India,rice,10.14719/pst.10362,
jijnasa_bhubaneswar_2022_2024,open_burning,yield,not_SOC,4,0.036516784534725004,3.719171265196887,jijnasa_k22_burn_yield|jijnasa_k23_burn_yield|jijnasa_r23_burn_yield|jijnasa_r24_burn_yield,India,rice,10.14719/pst.9983,
korav_2024,open_burning,SOC,SOC_concentration,1,0.0307716586668,3.125000000004776,korav_2024_T1_vs_T2_final_SOC,India,wheat,10.1038/s41598-024-52319-6,Korav et al. 2024
korav_2024,open_burning,yield,not_SOC,2,-0.004926520159665,-0.4914404762970542,korav_2024_T1_vs_T2_yield_2019|korav_2024_T1_vs_T2_yield_2020,India,wheat,10.1038/s41598-024-52319-6,Korav et al. 2024
nayak_bhubaneswar_2020_2021,direct_return,yield,not_SOC,2,0.08074500959325,8.409442764073686,nayak_bhubaneswar_2020_return_yield|nayak_bhubaneswar_2021_return_yield,India,rice,,
nayak_bhubaneswar_2020_2021,open_burning,yield,not_SOC,2,0.0570596301133,5.8718940043615,nayak_bhubaneswar_2020_burning_yield|nayak_bhubaneswar_2021_burning_yield,India,rice,,
pachauri_meerut_2020_2022,open_burning,yield,not_SOC,2,0.1185991668045,12.591852230798064,pachauri_2024_burning_vs_removal_yield_2020_21|pachauri_2024_burning_vs_removal_yield_2021_22,India,wheat,10.33545/2618060X.2024.v7.i12e.2165,Pachauri et al. 2024
panneerselvam_cuttack_2021_2022,direct_return,yield,not_SOC,6,0.08054711540938332,8.387991288505582,panneerselvam_cuttack_2021_2022_kharif_NC_yield|panneerselvam_cuttack_2021_2022_kharif_SMC_yield|panneerselvam_cuttack_2021_2022_kharif_capsule_yield|panneerselvam_cuttack_2021_2022_rabi_NC_yield|panneerselvam_cuttack_2021_2022_rabi_SMC_yield|panneerselvam_cuttack_2021_2022_rabi_capsule_yield,India,rice,10.1016/j.jenvman.2024.120916,
pau_ludhiana_rice_wheat_lte_2008,open_burning,SOC,SOC_concentration,1,0.0971637484536,10.204081632647796,gupta_2024_T6_vs_T1_SOC_2020_2021,India,wheat,10.1038/s41598-024-51399-8,Gupta et al. 2024
pau_ludhiana_rice_wheat_lte_2008,open_burning,yield,not_SOC,1,0.0300925414929,3.0549898166959766,gupta_2022_R7_vs_R1_pooled_yield,India,wheat,10.3390/land11101693,Gupta et al. 2022
qin_huizhou_2012_2015,biochar_return,GHGI,not_SOC,24,-0.36473448284025417,-30.561900352659855,qin_2016_2012_early_BC1_vs_CK_GHGI|qin_2016_2012_early_BC2_vs_CK_GHGI|qin_2016_2012_early_BC3_vs_CK_GHGI|qin_2016_2012_late_BC1_vs_CK_GHGI|qin_2016_2012_late_BC2_vs_CK_GHGI|qin_2016_2012_late_BC3_vs_CK_GHGI|qin_2016_2013_early_BC1_vs_CK_GHGI|qin_2016_2013_early_BC2_vs_CK_GHGI|qin_2016_2013_early_BC3_vs_CK_GHGI|qin_2016_2013_late_BC1_vs_CK_GHGI|qin_2016_2013_late_BC2_vs_CK_GHGI|qin_2016_2013_late_BC3_vs_CK_GHGI|qin_2016_2014_early_BC1_vs_CK_GHGI|qin_2016_2014_early_BC2_vs_CK_GHGI|qin_2016_2014_early_BC3_vs_CK_GHGI|qin_2016_2014_late_BC1_vs_CK_GHGI|qin_2016_2014_late_BC2_vs_CK_GHGI|qin_2016_2014_late_BC3_vs_CK_GHGI|qin_2016_2015_early_BC1_vs_CK_GHGI|qin_2016_2015_early_BC2_vs_CK_GHGI|qin_2016_2015_early_BC3_vs_CK_GHGI|qin_2016_2015_late_BC1_vs_CK_GHGI|qin_2016_2015_late_BC2_vs_CK_GHGI|qin_2016_2015_late_BC3_vs_CK_GHGI,China,rice,10.1016/j.scitotenv.2016.06.222,Qin et al. 2016
qin_huizhou_2012_2015,biochar_return,GWP,not_SOC,24,-0.3078142277170834,-26.49481424123124,qin_2016_2012_early_BC1_vs_CK_GWP|qin_2016_2012_early_BC2_vs_CK_GWP|qin_2016_2012_early_BC3_vs_CK_GWP|qin_2016_2012_late_BC1_vs_CK_GWP|qin_2016_2012_late_BC2_vs_CK_GWP|qin_2016_2012_late_BC3_vs_CK_GWP|qin_2016_2013_early_BC1_vs_CK_GWP|qin_2016_2013_early_BC2_vs_CK_GWP|qin_2016_2013_early_BC3_vs_CK_GWP|qin_2016_2013_late_BC1_vs_CK_GWP|qin_2016_2013_late_BC2_vs_CK_GWP|qin_2016_2013_late_BC3_vs_CK_GWP|qin_2016_2014_early_BC1_vs_CK_GWP|qin_2016_2014_early_BC2_vs_CK_GWP|qin_2016_2014_early_BC3_vs_CK_GWP|qin_2016_2014_late_BC1_vs_CK_GWP|qin_2016_2014_late_BC2_vs_CK_GWP|qin_2016_2014_late_BC3_vs_CK_GWP|qin_2016_2015_early_BC1_vs_CK_GWP|qin_2016_2015_early_BC2_vs_CK_GWP|qin_2016_2015_early_BC3_vs_CK_GWP|qin_2016_2015_late_BC1_vs_CK_GWP|qin_2016_2015_late_BC2_vs_CK_GWP|qin_2016_2015_late_BC3_vs_CK_GWP,China,rice,10.1016/j.scitotenv.2016.06.222,Qin et al. 2016
qin_huizhou_2012_2015,biochar_return,yield,not_SOC,24,0.04738639491201225,4.852707634405732,qin_2016_2012_early_BC1_vs_CK_yield|qin_2016_2012_early_BC2_vs_CK_yield|qin_2016_2012_early_BC3_vs_CK_yield|qin_2016_2012_late_BC1_vs_CK_yield|qin_2016_2012_late_BC2_vs_CK_yield|qin_2016_2012_late_BC3_vs_CK_yield|qin_2016_2013_early_BC1_vs_CK_yield|qin_2016_2013_early_BC2_vs_CK_yield|qin_2016_2013_early_BC3_vs_CK_yield|qin_2016_2013_late_BC1_vs_CK_yield|qin_2016_2013_late_BC2_vs_CK_yield|qin_2016_2013_late_BC3_vs_CK_yield|qin_2016_2014_early_BC1_vs_CK_yield|qin_2016_2014_early_BC2_vs_CK_yield|qin_2016_2014_early_BC3_vs_CK_yield|qin_2016_2014_late_BC1_vs_CK_yield|qin_2016_2014_late_BC2_vs_CK_yield|qin_2016_2014_late_BC3_vs_CK_yield|qin_2016_2015_early_BC1_vs_CK_yield|qin_2016_2015_early_BC2_vs_CK_yield|qin_2016_2015_early_BC3_vs_CK_yield|qin_2016_2015_late_BC1_vs_CK_yield|qin_2016_2015_late_BC2_vs_CK_yield|qin_2016_2015_late_BC3_vs_CK_yield,China,rice,10.1016/j.scitotenv.2016.06.222,Qin et al. 2016
qin_huizhou_2012_2015,direct_return,GHGI,not_SOC,8,0.7504355129239999,111.7922198276458,qin_2016_2012_early_RS_vs_CK_GHGI|qin_2016_2012_late_RS_vs_CK_GHGI|qin_2016_2013_early_RS_vs_CK_GHGI|qin_2016_2013_late_RS_vs_CK_GHGI|qin_2016_2014_early_RS_vs_CK_GHGI|qin_2016_2014_late_RS_vs_CK_GHGI|qin_2016_2015_early_RS_vs_CK_GHGI|qin_2016_2015_late_RS_vs_CK_GHGI,China,rice,10.1016/j.scitotenv.2016.06.222,Qin et al. 2016
qin_huizhou_2012_2015,direct_return,GWP,not_SOC,8,0.7621237142231251,114.2822133520764,qin_2016_2012_early_RS_vs_CK_GWP|qin_2016_2012_late_RS_vs_CK_GWP|qin_2016_2013_early_RS_vs_CK_GWP|qin_2016_2013_late_RS_vs_CK_GWP|qin_2016_2014_early_RS_vs_CK_GWP|qin_2016_2014_late_RS_vs_CK_GWP|qin_2016_2015_early_RS_vs_CK_GWP|qin_2016_2015_late_RS_vs_CK_GWP,China,rice,10.1016/j.scitotenv.2016.06.222,Qin et al. 2016
qin_huizhou_2012_2015,direct_return,yield,not_SOC,8,0.0029077187518599997,0.2911950266387348,qin_2016_2012_early_RS_vs_CK_yield|qin_2016_2012_late_RS_vs_CK_yield|qin_2016_2013_early_RS_vs_CK_yield|qin_2016_2013_late_RS_vs_CK_yield|qin_2016_2014_early_RS_vs_CK_yield|qin_2016_2014_late_RS_vs_CK_yield|qin_2016_2015_early_RS_vs_CK_yield|qin_2016_2015_late_RS_vs_CK_yield,China,rice,10.1016/j.scitotenv.2016.06.222,Qin et al. 2016
rice_primary_140,direct_return,yield,not_SOC,3,-0.05530924900623333,-5.380750638407148,rice_primary_rice_ext_pair_0013_yield|rice_primary_rice_ext_pair_0014_yield|rice_primary_rice_ext_pair_0015_yield,China,rice,10.3390/agronomy13030880,Danso 2023
rice_primary_164,open_burning,CH4,not_SOC,4,0.0679986171538,7.036382832919832,rice_primary_rice_ext_pair_0117_CH4|rice_primary_rice_ext_pair_0118_CH4|rice_primary_rice_ext_pair_0119_CH4|rice_primary_rice_ext_pair_0120_CH4,Vietnam,rice,10.1007/s10333-021-00877-0,Hung 2022
rice_primary_164,open_burning,GHGI,not_SOC,4,-0.064009240956925,-6.200366849301614,rice_primary_rice_ext_pair_0117_GHGI|rice_primary_rice_ext_pair_0118_GHGI|rice_primary_rice_ext_pair_0119_GHGI|rice_primary_rice_ext_pair_0120_GHGI,Vietnam,rice,10.1007/s10333-021-00877-0,Hung 2022
rice_primary_164,open_burning,GWP,not_SOC,4,0.07408569142155,7.689908255573731,rice_primary_rice_ext_pair_0117_GWP|rice_primary_rice_ext_pair_0118_GWP|rice_primary_rice_ext_pair_0119_GWP|rice_primary_rice_ext_pair_0120_GWP,Vietnam,rice,10.1007/s10333-021-00877-0,Hung 2022
rice_primary_164,open_burning,N2O,not_SOC,4,-0.07042429052072499,-6.8001702039380785,rice_primary_rice_ext_pair_0117_N2O|rice_primary_rice_ext_pair_0118_N2O|rice_primary_rice_ext_pair_0119_N2O|rice_primary_rice_ext_pair_0120_N2O,Vietnam,rice,10.1007/s10333-021-00877-0,Hung 2022
rice_primary_164,open_burning,yield,not_SOC,4,0.14304205288000002,15.37783203470803,rice_primary_rice_ext_pair_0117_yield|rice_primary_rice_ext_pair_0118_yield|rice_primary_rice_ext_pair_0119_yield|rice_primary_rice_ext_pair_0120_yield,Vietnam,rice,10.1007/s10333-021-00877-0,Hung 2022
rice_primary_53,direct_return,CH4,not_SOC,2,1.2203132791495,238.82490351468596,rice_primary_53_2011_2012_direct_CH4|rice_primary_53_2012_2013_direct_CH4,China,rice,10.1007/s11356-015-5227-7,
rice_primary_53,direct_return,N2O,not_SOC,2,0.43106181035,53.8890666387946,rice_primary_53_2011_2012_direct_N2O|rice_primary_53_2012_2013_direct_N2O,China,rice,10.1007/s11356-015-5227-7,
rice_primary_53,direct_return,SOC,SOC_concentration,3,0.028361787819766667,2.8767812765641483,rice_primary_53_2011_direct_SOC|rice_primary_53_2012_direct_SOC|rice_primary_53_2013_direct_SOC,China,rice,10.1007/s11356-015-5227-7,
rice_primary_53,direct_return,yield,not_SOC,3,0.04552963932316667,4.658202413708148,rice_primary_53_2011_direct_yield|rice_primary_53_2012_direct_yield|rice_primary_53_2013_direct_yield,China,rice,10.1007/s11356-015-5227-7,
rice_primary_53,open_burning,CH4,not_SOC,2,-0.14969492480149998,-13.902940286068738,rice_primary_53_2011_2012_CH4|rice_primary_53_2012_2013_CH4,China,rice,10.1007/s11356-015-5227-7,
rice_primary_53,open_burning,GWP,not_SOC,1,-0.073488233457,-7.085292142374796,rice_primary_53_mean_2011_2013_GWP,China,rice,10.1007/s11356-015-5227-7,
rice_primary_53,open_burning,N2O,not_SOC,2,0.4982193319695,64.57880577564923,rice_primary_53_2011_2012_N2O|rice_primary_53_2012_2013_N2O,China,rice,10.1007/s11356-015-5227-7,
rice_primary_53,open_burning,SOC,SOC_concentration,3,0.002634566956716666,0.2638040477979665,rice_primary_53_2011_SOC|rice_primary_53_2012_SOC|rice_primary_53_2013_SOC,China,rice,10.1007/s11356-015-5227-7,
rice_primary_53,open_burning,SOC_sequestration_rate,not_SOC,1,-0.478035800943,-38.000000000000014,rice_primary_53_mean_2011_2013_SOC_sequestration_rate,China,rice,10.1007/s11356-015-5227-7,
rice_primary_53,open_burning,net_GWP_SOC_adjusted,not_SOC,1,0.369618976335,44.71830985915079,rice_primary_53_mean_2011_2013_net_GWP_SOC_adjusted,China,rice,10.1007/s11356-015-5227-7,
rice_primary_53,open_burning,yield,not_SOC,3,0.0121359727232,1.2209912447584672,rice_primary_53_2011_yield|rice_primary_53_2012_yield|rice_primary_53_2013_yield,China,rice,10.1007/s11356-015-5227-7,
wei_heyang_2007_2011,direct_return,SOC,SOC_concentration,24,0.1385113636887125,14.856273340538928,wei_2015_2008_H_SOC_0_20cm|wei_2015_2008_H_SOC_20_40cm|wei_2015_2008_L_SOC_0_20cm|wei_2015_2008_L_SOC_20_40cm|wei_2015_2008_M_SOC_0_20cm|wei_2015_2008_M_SOC_20_40cm|wei_2015_2009_H_SOC_0_20cm|wei_2015_2009_H_SOC_20_40cm|wei_2015_2009_L_SOC_0_20cm|wei_2015_2009_L_SOC_20_40cm|wei_2015_2009_M_SOC_0_20cm|wei_2015_2009_M_SOC_20_40cm|wei_2015_2010_H_SOC_0_20cm|wei_2015_2010_H_SOC_20_40cm|wei_2015_2010_L_SOC_0_20cm|wei_2015_2010_L_SOC_20_40cm|wei_2015_2010_M_SOC_0_20cm|wei_2015_2010_M_SOC_20_40cm|wei_2015_2011_H_SOC_0_20cm|wei_2015_2011_H_SOC_20_40cm|wei_2015_2011_L_SOC_0_20cm|wei_2015_2011_L_SOC_20_40cm|wei_2015_2011_M_SOC_0_20cm|wei_2015_2011_M_SOC_20_40cm,China,wheat,10.1371/journal.pone.0120994,Wei et al. 2015
yang_hebei_2014_2015,biochar_return,yield,not_SOC,4,0.1119221492922,11.842578701657635,yang_2015_biochar_CB2_vs_control_yield|yang_2015_biochar_CB4_vs_control_yield|yang_2015_biochar_RB2_vs_control_yield|yang_2015_biochar_RB4_vs_control_yield,China,wheat,10.3390/su71013713,Yang et al. 2015
yuan_yixing_2010_2017,biochar_return,SOC,SOC_concentration,2,0.9563439798660001,160.21654918789037,yuan_2022_biochar_return_0.5pctBC_SOC|yuan_2022_biochar_return_1.0pctBC_SOC,China,rotation,10.1007/s42773-021-00127-w,Yuan et al. 2022
yuan_yixing_2010_2017,direct_return,SOC,SOC_concentration,1,0.311650309784,36.56770456189655,yuan_2022_direct_return_Straw_SOC,China,rotation,10.1007/s42773-021-00127-w,Yuan et al. 2022
zheng_shenyang_2013_2018,biochar_return,SOC,total_C_not_resolved_as_SOC,2,0.198102169901,21.90869414511434,zheng_2019_biochar_return_CNPK_vs_NPK_SOC|zheng_2019_biochar_return_C_vs_CK_SOC,China,rice,10.1038/s41598-019-52978-w,Zheng et al. 2019
zheng_shenyang_2013_2018,direct_return,SOC,total_C_not_resolved_as_SOC,2,0.046771292793204994,4.788232343254086,zheng_2019_direct_return_SNPK_vs_NPK_SOC|zheng_2019_direct_return_S_vs_CK_SOC,China,rice,10.1038/s41598-019-52978-w,Zheng et al. 2019
