study_id,pathway,crop_display,experiment_year,season,treatment_arm,control_arm,endpoint_set,endpoint_count,has_yield_soc,has_yield_ch4,has_yield_n2o,has_all_four,effect_ids,system_boundaries,soil_depths,linkage_level
biochar_li2024SD_176,biochar_return,rice,2016,single rice season,CB_20t_CI,CA_0t_CI,yield|CH4|N2O,3,False,True,True,False,BiocharDS_v1_row_01259_CH4|BiocharDS_v1_row_01259_CropYield|BiocharDS_v1_row_01259_N2O,,,exact metadata candidate; plot/time/boundary confirmation still required
biochar_li2024SD_176,biochar_return,rice,2016,single rice season,CC_40t_CI,CA_0t_CI,yield|CH4|N2O,3,False,True,True,False,BiocharDS_v1_row_01260_CH4|BiocharDS_v1_row_01260_CropYield|BiocharDS_v1_row_01260_N2O,,,exact metadata candidate; plot/time/boundary confirmation still required
biochar_li2024SD_176,biochar_return,rice,2017,single rice season,CB_20t_CI,CA_0t_CI,yield|CH4|N2O,3,False,True,True,False,BiocharDS_v1_row_01262_CH4|BiocharDS_v1_row_01262_CropYield|BiocharDS_v1_row_01262_N2O,,,exact metadata candidate; plot/time/boundary confirmation still required
biochar_li2024SD_176,biochar_return,rice,2017,single rice season,CC_40t_CI,CA_0t_CI,yield|CH4|N2O,3,False,True,True,False,BiocharDS_v1_row_01263_CH4|BiocharDS_v1_row_01263_CropYield|BiocharDS_v1_row_01263_N2O,,,exact metadata candidate; plot/time/boundary confirmation still required
biochar_li2024SD_3,biochar_return,rice,2009,,C1N0,C0N0,yield|SOC_concentration|CH4|N2O,4,True,True,True,True,BiocharDS_v1_row_00015_CH4|BiocharDS_v1_row_00015_CropYield|BiocharDS_v1_row_00015_N2O|BiocharDS_v1_row_00015_SOC,,,exact metadata candidate; plot/time/boundary confirmation still required
biochar_li2024SD_3,biochar_return,rice,2009,,C2N0,C0N0,yield|SOC_concentration|CH4|N2O,4,True,True,True,True,BiocharDS_v1_row_00016_CH4|BiocharDS_v1_row_00016_CropYield|BiocharDS_v1_row_00016_N2O|BiocharDS_v1_row_00016_SOC,,,exact metadata candidate; plot/time/boundary confirmation still required
biochar_li2024SD_71,biochar_return,rice,2011,,NPK+HB,NPK,yield|CH4|N2O,3,False,True,True,False,BiocharDS_v1_row_00471_CH4|BiocharDS_v1_row_00471_CropYield|BiocharDS_v1_row_00471_N2O,,,exact metadata candidate; plot/time/boundary confirmation still required
biochar_li2024SD_71,biochar_return,rice,2011,,NPK+LB,NPK,yield|CH4|N2O,3,False,True,True,False,BiocharDS_v1_row_00470_CH4|BiocharDS_v1_row_00470_CropYield|BiocharDS_v1_row_00470_N2O,,,exact metadata candidate; plot/time/boundary confirmation still required
biochar_li2024SD_71,biochar_return,rice,2012,,NPK+HB,NPK,yield|CH4|N2O,3,False,True,True,False,BiocharDS_v1_row_00475_CH4|BiocharDS_v1_row_00475_CropYield|BiocharDS_v1_row_00475_N2O,,,exact metadata candidate; plot/time/boundary confirmation still required
biochar_li2024SD_71,biochar_return,rice,2012,,NPK+LB,NPK,yield|CH4|N2O,3,False,True,True,False,BiocharDS_v1_row_00474_CH4|BiocharDS_v1_row_00474_CropYield|BiocharDS_v1_row_00474_N2O,,,exact metadata candidate; plot/time/boundary confirmation still required
dong_harbin_2015_2017,biochar_return,rice,2015,single rice season,N1C1,N1C0,yield|SOC_concentration|CH4|N2O,4,True,True,True,True,dong_2024_CH4_2015_N1C1_vs_N1C0|dong_2024_N2O_2015_N1C1_vs_N1C0|dong_2024_SOC_2015_N1C1_vs_N1C0|dong_2024_yield_2015_N1C1_vs_N1C0,,,exact metadata candidate; plot/time/boundary confirmation still required
dong_harbin_2015_2017,biochar_return,rice,2015,single rice season,N1C2,N1C0,yield|SOC_concentration|CH4|N2O,4,True,True,True,True,dong_2024_CH4_2015_N1C2_vs_N1C0|dong_2024_N2O_2015_N1C2_vs_N1C0|dong_2024_SOC_2015_N1C2_vs_N1C0|dong_2024_yield_2015_N1C2_vs_N1C0,,,exact metadata candidate; plot/time/boundary confirmation still required
dong_harbin_2015_2017,biochar_return,rice,2015,single rice season,N1C3,N1C0,yield|SOC_concentration|CH4|N2O,4,True,True,True,True,dong_2024_CH4_2015_N1C3_vs_N1C0|dong_2024_N2O_2015_N1C3_vs_N1C0|dong_2024_SOC_2015_N1C3_vs_N1C0|dong_2024_yield_2015_N1C3_vs_N1C0,,,exact metadata candidate; plot/time/boundary confirmation still required
dong_harbin_2015_2017,biochar_return,rice,2015,single rice season,N2C1,N2C0,yield|SOC_concentration|CH4|N2O,4,True,True,True,True,dong_2024_CH4_2015_N2C1_vs_N2C0|dong_2024_N2O_2015_N2C1_vs_N2C0|dong_2024_SOC_2015_N2C1_vs_N2C0|dong_2024_yield_2015_N2C1_vs_N2C0,,,exact metadata candidate; plot/time/boundary confirmation still required
dong_harbin_2015_2017,biochar_return,rice,2015,single rice season,N2C2,N2C0,yield|SOC_concentration|CH4|N2O,4,True,True,True,True,dong_2024_CH4_2015_N2C2_vs_N2C0|dong_2024_N2O_2015_N2C2_vs_N2C0|dong_2024_SOC_2015_N2C2_vs_N2C0|dong_2024_yield_2015_N2C2_vs_N2C0,,,exact metadata candidate; plot/time/boundary confirmation still required
dong_harbin_2015_2017,biochar_return,rice,2015,single rice season,N2C3,N2C0,yield|SOC_concentration|CH4|N2O,4,True,True,True,True,dong_2024_CH4_2015_N2C3_vs_N2C0|dong_2024_N2O_2015_N2C3_vs_N2C0|dong_2024_SOC_2015_N2C3_vs_N2C0|dong_2024_yield_2015_N2C3_vs_N2C0,,,exact metadata candidate; plot/time/boundary confirmation still required
dong_harbin_2015_2017,biochar_return,rice,2016,single rice season,N1C1,N1C0,yield|SOC_concentration|CH4|N2O,4,True,True,True,True,dong_2024_CH4_2016_N1C1_vs_N1C0|dong_2024_N2O_2016_N1C1_vs_N1C0|dong_2024_SOC_2016_N1C1_vs_N1C0|dong_2024_yield_2016_N1C1_vs_N1C0,,,exact metadata candidate; plot/time/boundary confirmation still required
dong_harbin_2015_2017,biochar_return,rice,2016,single rice season,N1C2,N1C0,yield|SOC_concentration|CH4|N2O,4,True,True,True,True,dong_2024_CH4_2016_N1C2_vs_N1C0|dong_2024_N2O_2016_N1C2_vs_N1C0|dong_2024_SOC_2016_N1C2_vs_N1C0|dong_2024_yield_2016_N1C2_vs_N1C0,,,exact metadata candidate; plot/time/boundary confirmation still required
dong_harbin_2015_2017,biochar_return,rice,2016,single rice season,N1C3,N1C0,yield|SOC_concentration|CH4|N2O,4,True,True,True,True,dong_2024_CH4_2016_N1C3_vs_N1C0|dong_2024_N2O_2016_N1C3_vs_N1C0|dong_2024_SOC_2016_N1C3_vs_N1C0|dong_2024_yield_2016_N1C3_vs_N1C0,,,exact metadata candidate; plot/time/boundary confirmation still required
dong_harbin_2015_2017,biochar_return,rice,2016,single rice season,N2C1,N2C0,yield|SOC_concentration|CH4|N2O,4,True,True,True,True,dong_2024_CH4_2016_N2C1_vs_N2C0|dong_2024_N2O_2016_N2C1_vs_N2C0|dong_2024_SOC_2016_N2C1_vs_N2C0|dong_2024_yield_2016_N2C1_vs_N2C0,,,exact metadata candidate; plot/time/boundary confirmation still required
dong_harbin_2015_2017,biochar_return,rice,2016,single rice season,N2C2,N2C0,yield|SOC_concentration|CH4|N2O,4,True,True,True,True,dong_2024_CH4_2016_N2C2_vs_N2C0|dong_2024_N2O_2016_N2C2_vs_N2C0|dong_2024_SOC_2016_N2C2_vs_N2C0|dong_2024_yield_2016_N2C2_vs_N2C0,,,exact metadata candidate; plot/time/boundary confirmation still required
dong_harbin_2015_2017,biochar_return,rice,2016,single rice season,N2C3,N2C0,yield|SOC_concentration|CH4|N2O,4,True,True,True,True,dong_2024_CH4_2016_N2C3_vs_N2C0|dong_2024_N2O_2016_N2C3_vs_N2C0|dong_2024_SOC_2016_N2C3_vs_N2C0|dong_2024_yield_2016_N2C3_vs_N2C0,,,exact metadata candidate; plot/time/boundary confirmation still required
dong_harbin_2015_2017,biochar_return,rice,2017,single rice season,N1C1,N1C0,yield|SOC_concentration|CH4|N2O,4,True,True,True,True,dong_2024_CH4_2017_N1C1_vs_N1C0|dong_2024_N2O_2017_N1C1_vs_N1C0|dong_2024_SOC_2017_N1C1_vs_N1C0|dong_2024_yield_2017_N1C1_vs_N1C0,,,exact metadata candidate; plot/time/boundary confirmation still required
dong_harbin_2015_2017,biochar_return,rice,2017,single rice season,N1C2,N1C0,yield|SOC_concentration|CH4|N2O,4,True,True,True,True,dong_2024_CH4_2017_N1C2_vs_N1C0|dong_2024_N2O_2017_N1C2_vs_N1C0|dong_2024_SOC_2017_N1C2_vs_N1C0|dong_2024_yield_2017_N1C2_vs_N1C0,,,exact metadata candidate; plot/time/boundary confirmation still required
dong_harbin_2015_2017,biochar_return,rice,2017,single rice season,N1C3,N1C0,yield|SOC_concentration|CH4|N2O,4,True,True,True,True,dong_2024_CH4_2017_N1C3_vs_N1C0|dong_2024_N2O_2017_N1C3_vs_N1C0|dong_2024_SOC_2017_N1C3_vs_N1C0|dong_2024_yield_2017_N1C3_vs_N1C0,,,exact metadata candidate; plot/time/boundary confirmation still required
dong_harbin_2015_2017,biochar_return,rice,2017,single rice season,N2C1,N2C0,yield|SOC_concentration|CH4|N2O,4,True,True,True,True,dong_2024_CH4_2017_N2C1_vs_N2C0|dong_2024_N2O_2017_N2C1_vs_N2C0|dong_2024_SOC_2017_N2C1_vs_N2C0|dong_2024_yield_2017_N2C1_vs_N2C0,,,exact metadata candidate; plot/time/boundary confirmation still required
dong_harbin_2015_2017,biochar_return,rice,2017,single rice season,N2C2,N2C0,yield|SOC_concentration|CH4|N2O,4,True,True,True,True,dong_2024_CH4_2017_N2C2_vs_N2C0|dong_2024_N2O_2017_N2C2_vs_N2C0|dong_2024_SOC_2017_N2C2_vs_N2C0|dong_2024_yield_2017_N2C2_vs_N2C0,,,exact metadata candidate; plot/time/boundary confirmation still required
dong_harbin_2015_2017,biochar_return,rice,2017,single rice season,N2C3,N2C0,yield|SOC_concentration|CH4|N2O,4,True,True,True,True,dong_2024_CH4_2017_N2C3_vs_N2C0|dong_2024_N2O_2017_N2C3_vs_N2C0|dong_2024_SOC_2017_N2C3_vs_N2C0|dong_2024_yield_2017_N2C3_vs_N2C0,,,exact metadata candidate; plot/time/boundary confirmation still required
du_dingxi_2016_2022,direct_return,wheat,2021,spring wheat,CTS-HN,CT-HN,yield|SOC_concentration,2,True,False,False,False,du_dingxi_2016_2022_2021_HN_SOC|du_dingxi_2016_2022_2021_HN_yield,0-10 cm soil sample|crop harvest,0-10 cm,exact metadata candidate; plot/time/boundary confirmation still required
du_dingxi_2016_2022,direct_return,wheat,2021,spring wheat,CTS-LN,CT-LN,yield|SOC_concentration,2,True,False,False,False,du_dingxi_2016_2022_2021_LN_SOC|du_dingxi_2016_2022_2021_LN_yield,0-10 cm soil sample|crop harvest,0-10 cm,exact metadata candidate; plot/time/boundary confirmation still required
du_dingxi_2016_2022,direct_return,wheat,2021,spring wheat,CTS-MN,CT-MN,yield|SOC_concentration,2,True,False,False,False,du_dingxi_2016_2022_2021_MN_SOC|du_dingxi_2016_2022_2021_MN_yield,0-10 cm soil sample|crop harvest,0-10 cm,exact metadata candidate; plot/time/boundary confirmation still required
du_dingxi_2016_2022,direct_return,wheat,2022,spring wheat,CTS-HN,CT-HN,yield|SOC_concentration,2,True,False,False,False,du_dingxi_2016_2022_2022_HN_SOC|du_dingxi_2016_2022_2022_HN_yield,0-10 cm soil sample|crop harvest,0-10 cm,exact metadata candidate; plot/time/boundary confirmation still required
du_dingxi_2016_2022,direct_return,wheat,2022,spring wheat,CTS-LN,CT-LN,yield|SOC_concentration,2,True,False,False,False,du_dingxi_2016_2022_2022_LN_SOC|du_dingxi_2016_2022_2022_LN_yield,0-10 cm soil sample|crop harvest,0-10 cm,exact metadata candidate; plot/time/boundary confirmation still required
du_dingxi_2016_2022,direct_return,wheat,2022,spring wheat,CTS-MN,CT-MN,yield|SOC_concentration,2,True,False,False,False,du_dingxi_2016_2022_2022_MN_SOC|du_dingxi_2016_2022_2022_MN_yield,0-10 cm soil sample|crop harvest,0-10 cm,exact metadata candidate; plot/time/boundary confirmation still required
huang_shangzhuang_2006_2013,direct_return,maize,2011,summer_maize,SNcon,Ncon,yield|N2O,2,False,False,True,False,huang_shangzhuang_2006_2013_N2O_Ncon_maize_2011|huang_shangzhuang_2006_2013_yield_Ncon_maize_2011,crop harvest|seasonal soil flux,,exact metadata candidate; plot/time/boundary confirmation still required
huang_shangzhuang_2006_2013,direct_return,maize,2012,summer_maize,SN0,N0,yield|N2O,2,False,False,True,False,huang_shangzhuang_2006_2013_N2O_N0_maize_2012|huang_shangzhuang_2006_2013_yield_N0_maize_2012,crop harvest|seasonal soil flux,,exact metadata candidate; plot/time/boundary confirmation still required
huang_shangzhuang_2006_2013,direct_return,maize,2012,summer_maize,SNcon,Ncon,yield|N2O,2,False,False,True,False,huang_shangzhuang_2006_2013_N2O_Ncon_maize_2012|huang_shangzhuang_2006_2013_yield_Ncon_maize_2012,crop harvest|seasonal soil flux,,exact metadata candidate; plot/time/boundary confirmation still required
huang_shangzhuang_2006_2013,direct_return,wheat,2011_2012,winter_wheat,SN0,N0,yield|N2O,2,False,False,True,False,huang_shangzhuang_2006_2013_N2O_N0_wheat_2011_2012|huang_shangzhuang_2006_2013_yield_N0_wheat_2011_2012,crop harvest|seasonal soil flux,,exact metadata candidate; plot/time/boundary confirmation still required
korav_2024,open_burning,wheat,2020,,T1 conventional-tillage wheat after full in-field residue burning,T2 conventional-tillage wheat after complete residue removal,yield|SOC_concentration,2,True,False,False,False,korav_2024_T1_vs_T2_final_SOC|korav_2024_T1_vs_T2_yield_2020,final 0-15 cm SOC after two rice-wheat cycles; combustion pulse excluded|wheat grain yield following rice-residue treatment,,exact metadata candidate; plot/time/boundary confirmation still required
rice_primary_164,open_burning,rice,2017,Spring,rice residues burned on each plot; ash incorporated,rice residues completely removed,yield|CH4|N2O,3,False,True,True,False,rice_primary_rice_ext_pair_0119_CH4|rice_primary_rice_ext_pair_0119_N2O|rice_primary_rice_ext_pair_0119_yield|rice_primary_rice_ext_pair_0120_CH4|rice_primary_rice_ext_pair_0120_N2O|rice_primary_rice_ext_pair_0120_yield,crop harvest|paddy soil emissions after burning; combustion pulse excluded,,exact metadata candidate; plot/time/boundary confirmation still required
rice_primary_164,open_burning,rice,2017,Summer,rice residues burned on each plot; ash incorporated,rice residues completely removed,yield|CH4|N2O,3,False,True,True,False,rice_primary_rice_ext_pair_0117_CH4|rice_primary_rice_ext_pair_0117_N2O|rice_primary_rice_ext_pair_0117_yield|rice_primary_rice_ext_pair_0118_CH4|rice_primary_rice_ext_pair_0118_N2O|rice_primary_rice_ext_pair_0118_yield,crop harvest|paddy soil emissions after burning; combustion pulse excluded,,exact metadata candidate; plot/time/boundary confirmation still required
rice_primary_53,direct_return,rice,2011,,NPK+RSM,NPK,yield|SOC_concentration,2,True,False,False,False,rice_primary_53_2011_direct_SOC|rice_primary_53_2011_direct_yield,crop harvest|soil concentration,0-20 cm,exact metadata candidate; plot/time/boundary confirmation still required
rice_primary_53,direct_return,rice,2011_2012,,NPK+RSM,NPK,CH4|N2O,2,False,False,False,False,rice_primary_53_2011_2012_direct_CH4|rice_primary_53_2011_2012_direct_N2O,annual soil flux including winter fallow,,exact metadata candidate; plot/time/boundary confirmation still required
rice_primary_53,direct_return,rice,2012,,NPK+RSM,NPK,yield|SOC_concentration,2,True,False,False,False,rice_primary_53_2012_direct_SOC|rice_primary_53_2012_direct_yield,crop harvest|soil concentration,0-20 cm,exact metadata candidate; plot/time/boundary confirmation still required
rice_primary_53,direct_return,rice,2012_2013,,NPK+RSM,NPK,CH4|N2O,2,False,False,False,False,rice_primary_53_2012_2013_direct_CH4|rice_primary_53_2012_2013_direct_N2O,annual soil flux including winter fallow,,exact metadata candidate; plot/time/boundary confirmation still required
rice_primary_53,direct_return,rice,2013,,NPK+RSM,NPK,yield|SOC_concentration,2,True,False,False,False,rice_primary_53_2013_direct_SOC|rice_primary_53_2013_direct_yield,crop harvest|soil concentration,0-20 cm,exact metadata candidate; plot/time/boundary confirmation still required
rice_primary_53,open_burning,rice,2011,,NPK plus in-situ rice-straw burning,NPK with rice straw removed,yield|SOC_concentration,2,True,False,False,False,rice_primary_53_2011_SOC|rice_primary_53_2011_yield,0-20 cm post-harvest soil concentration|crop harvest,,exact metadata candidate; plot/time/boundary confirmation still required
rice_primary_53,open_burning,rice,2011_2012,,NPK plus in-situ rice-straw burning,NPK with rice straw removed,CH4|N2O,2,False,False,False,False,rice_primary_53_2011_2012_CH4|rice_primary_53_2011_2012_N2O,annual paddy-soil cycle; combustion pulse excluded,,exact metadata candidate; plot/time/boundary confirmation still required
rice_primary_53,open_burning,rice,2012,,NPK plus in-situ rice-straw burning,NPK with rice straw removed,yield|SOC_concentration,2,True,False,False,False,rice_primary_53_2012_SOC|rice_primary_53_2012_yield,0-20 cm post-harvest soil concentration|crop harvest,,exact metadata candidate; plot/time/boundary confirmation still required
rice_primary_53,open_burning,rice,2012_2013,,NPK plus in-situ rice-straw burning,NPK with rice straw removed,CH4|N2O,2,False,False,False,False,rice_primary_53_2012_2013_CH4|rice_primary_53_2012_2013_N2O,annual paddy-soil cycle; combustion pulse excluded,,exact metadata candidate; plot/time/boundary confirmation still required
rice_primary_53,open_burning,rice,2013,,NPK plus in-situ rice-straw burning,NPK with rice straw removed,yield|SOC_concentration,2,True,False,False,False,rice_primary_53_2013_SOC|rice_primary_53_2013_yield,0-20 cm post-harvest soil concentration|crop harvest,,exact metadata candidate; plot/time/boundary confirmation still required
sun_zhuanghang_2012_2016,direct_return,rice,2013,single rice season,CF+WS,CF,yield|CH4,2,False,True,False,False,sun2020_2013_CH4_CFWS_vs_CF|sun2020_2013_yield_CFWS_vs_CF,,,exact metadata candidate; plot/time/boundary confirmation still required
sun_zhuanghang_2012_2016,direct_return,rice,2016,single rice season,CF+WS,CF,yield|CH4,2,False,True,False,False,sun2020_2016_CH4_CFWS_vs_CF|sun2020_2016_yield_CFWS_vs_CF,,,exact metadata candidate; plot/time/boundary confirmation still required
xiong_moling_2008_2011,direct_return,rice,2009,early_rice,DR-S1,DR-S0,yield|CH4|N2O,3,False,True,True,False,xiong_DR_2009_early_rice_S1_CH4|xiong_DR_2009_early_rice_S1_N2O|xiong_DR_2009_early_rice_S1_yield,early_rice field rice-season CH4; excludes non-rice season and upstream|early_rice field rice-season N2O; excludes non-rice season and upstream|early_rice field rice-season yield; excludes non-rice season and upstream,,exact metadata candidate; plot/time/boundary confirmation still required
xiong_moling_2008_2011,direct_return,rice,2009,early_rice,DR-S2,DR-S0,yield|CH4|N2O,3,False,True,True,False,xiong_DR_2009_early_rice_S2_CH4|xiong_DR_2009_early_rice_S2_N2O|xiong_DR_2009_early_rice_S2_yield,early_rice field rice-season CH4; excludes non-rice season and upstream|early_rice field rice-season N2O; excludes non-rice season and upstream|early_rice field rice-season yield; excludes non-rice season and upstream,,exact metadata candidate; plot/time/boundary confirmation still required
xiong_moling_2008_2011,direct_return,rice,2009,late_rice,DR-S1,DR-S0,yield|CH4|N2O,3,False,True,True,False,xiong_DR_2009_late_rice_S1_CH4|xiong_DR_2009_late_rice_S1_N2O|xiong_DR_2009_late_rice_S1_yield,late_rice field rice-season CH4; excludes non-rice season and upstream|late_rice field rice-season N2O; excludes non-rice season and upstream|late_rice field rice-season yield; excludes non-rice season and upstream,,exact metadata candidate; plot/time/boundary confirmation still required
xiong_moling_2008_2011,direct_return,rice,2009,late_rice,DR-S2,DR-S0,yield|CH4,2,False,True,False,False,xiong_DR_2009_late_rice_S2_CH4|xiong_DR_2009_late_rice_S2_yield,late_rice field rice-season CH4; excludes non-rice season and upstream|late_rice field rice-season yield; excludes non-rice season and upstream,,exact metadata candidate; plot/time/boundary confirmation still required
xiong_moling_2008_2011,direct_return,rice,2009,single_rice,UR-S1,UR-S0,yield|CH4,2,False,True,False,False,xiong_UR_2009_single_rice_S1_CH4|xiong_UR_2009_single_rice_S1_yield,single_rice field rice-season CH4; excludes non-rice season and upstream|single_rice field rice-season yield; excludes non-rice season and upstream,,exact metadata candidate; plot/time/boundary confirmation still required
xiong_moling_2008_2011,direct_return,rice,2009,single_rice,UR-S2,UR-S0,yield|CH4,2,False,True,False,False,xiong_UR_2009_single_rice_S2_CH4|xiong_UR_2009_single_rice_S2_yield,single_rice field rice-season CH4; excludes non-rice season and upstream|single_rice field rice-season yield; excludes non-rice season and upstream,,exact metadata candidate; plot/time/boundary confirmation still required
xiong_moling_2008_2011,direct_return,rice,2010,early_rice,DR-S1,DR-S0,yield|CH4,2,False,True,False,False,xiong_DR_2010_early_rice_S1_CH4|xiong_DR_2010_early_rice_S1_yield,early_rice field rice-season CH4; excludes non-rice season and upstream|early_rice field rice-season yield; excludes non-rice season and upstream,,exact metadata candidate; plot/time/boundary confirmation still required
xiong_moling_2008_2011,direct_return,rice,2010,early_rice,DR-S2,DR-S0,yield|CH4,2,False,True,False,False,xiong_DR_2010_early_rice_S2_CH4|xiong_DR_2010_early_rice_S2_yield,early_rice field rice-season CH4; excludes non-rice season and upstream|early_rice field rice-season yield; excludes non-rice season and upstream,,exact metadata candidate; plot/time/boundary confirmation still required
xiong_moling_2008_2011,direct_return,rice,2010,late_rice,DR-S1,DR-S0,yield|CH4|N2O,3,False,True,True,False,xiong_DR_2010_late_rice_S1_CH4|xiong_DR_2010_late_rice_S1_N2O|xiong_DR_2010_late_rice_S1_yield,late_rice field rice-season CH4; excludes non-rice season and upstream|late_rice field rice-season N2O; excludes non-rice season and upstream|late_rice field rice-season yield; excludes non-rice season and upstream,,exact metadata candidate; plot/time/boundary confirmation still required
xiong_moling_2008_2011,direct_return,rice,2010,late_rice,DR-S2,DR-S0,yield|CH4,2,False,True,False,False,xiong_DR_2010_late_rice_S2_CH4|xiong_DR_2010_late_rice_S2_yield,late_rice field rice-season CH4; excludes non-rice season and upstream|late_rice field rice-season yield; excludes non-rice season and upstream,,exact metadata candidate; plot/time/boundary confirmation still required
xiong_moling_2008_2011,direct_return,rice,2010,single_rice,UR-S1,UR-S0,yield|CH4|N2O,3,False,True,True,False,xiong_UR_2010_single_rice_S1_CH4|xiong_UR_2010_single_rice_S1_N2O|xiong_UR_2010_single_rice_S1_yield,single_rice field rice-season CH4; excludes non-rice season and upstream|single_rice field rice-season N2O; excludes non-rice season and upstream|single_rice field rice-season yield; excludes non-rice season and upstream,,exact metadata candidate; plot/time/boundary confirmation still required
xiong_moling_2008_2011,direct_return,rice,2010,single_rice,UR-S2,UR-S0,yield|CH4|N2O,3,False,True,True,False,xiong_UR_2010_single_rice_S2_CH4|xiong_UR_2010_single_rice_S2_N2O|xiong_UR_2010_single_rice_S2_yield,single_rice field rice-season CH4; excludes non-rice season and upstream|single_rice field rice-season N2O; excludes non-rice season and upstream|single_rice field rice-season yield; excludes non-rice season and upstream,,exact metadata candidate; plot/time/boundary confirmation still required
xiong_moling_2008_2011,direct_return,rice,2011,early_rice,DR-S1,DR-S0,yield|CH4|N2O,3,False,True,True,False,xiong_DR_2011_early_rice_S1_CH4|xiong_DR_2011_early_rice_S1_N2O|xiong_DR_2011_early_rice_S1_yield,early_rice field rice-season CH4; excludes non-rice season and upstream|early_rice field rice-season N2O; excludes non-rice season and upstream|early_rice field rice-season yield; excludes non-rice season and upstream,,exact metadata candidate; plot/time/boundary confirmation still required
xiong_moling_2008_2011,direct_return,rice,2011,early_rice,DR-S2,DR-S0,yield|CH4|N2O,3,False,True,True,False,xiong_DR_2011_early_rice_S2_CH4|xiong_DR_2011_early_rice_S2_N2O|xiong_DR_2011_early_rice_S2_yield,early_rice field rice-season CH4; excludes non-rice season and upstream|early_rice field rice-season N2O; excludes non-rice season and upstream|early_rice field rice-season yield; excludes non-rice season and upstream,,exact metadata candidate; plot/time/boundary confirmation still required
xiong_moling_2008_2011,direct_return,rice,2011,late_rice,DR-S1,DR-S0,yield|CH4|N2O,3,False,True,True,False,xiong_DR_2011_late_rice_S1_CH4|xiong_DR_2011_late_rice_S1_N2O|xiong_DR_2011_late_rice_S1_yield,late_rice field rice-season CH4; excludes non-rice season and upstream|late_rice field rice-season N2O; excludes non-rice season and upstream|late_rice field rice-season yield; excludes non-rice season and upstream,,exact metadata candidate; plot/time/boundary confirmation still required
xiong_moling_2008_2011,direct_return,rice,2011,late_rice,DR-S2,DR-S0,yield|CH4|N2O,3,False,True,True,False,xiong_DR_2011_late_rice_S2_CH4|xiong_DR_2011_late_rice_S2_N2O|xiong_DR_2011_late_rice_S2_yield,late_rice field rice-season CH4; excludes non-rice season and upstream|late_rice field rice-season N2O; excludes non-rice season and upstream|late_rice field rice-season yield; excludes non-rice season and upstream,,exact metadata candidate; plot/time/boundary confirmation still required
xiong_moling_2008_2011,direct_return,rice,2011,single_rice,UR-S1,UR-S0,yield|CH4|N2O,3,False,True,True,False,xiong_UR_2011_single_rice_S1_CH4|xiong_UR_2011_single_rice_S1_N2O|xiong_UR_2011_single_rice_S1_yield,single_rice field rice-season CH4; excludes non-rice season and upstream|single_rice field rice-season N2O; excludes non-rice season and upstream|single_rice field rice-season yield; excludes non-rice season and upstream,,exact metadata candidate; plot/time/boundary confirmation still required
xiong_moling_2008_2011,direct_return,rice,2011,single_rice,UR-S2,UR-S0,yield|CH4|N2O,3,False,True,True,False,xiong_UR_2011_single_rice_S2_CH4|xiong_UR_2011_single_rice_S2_N2O|xiong_UR_2011_single_rice_S2_yield,single_rice field rice-season CH4; excludes non-rice season and upstream|single_rice field rice-season N2O; excludes non-rice season and upstream|single_rice field rice-season yield; excludes non-rice season and upstream,,exact metadata candidate; plot/time/boundary confirmation still required
