pathway,endpoint,crop,independent_trial_keys,trial_crop_units,treatment_comparisons,positive_trial_crop_units,negative_trial_crop_units,median_trial_crop_pct,countries
direct_return,yield,maize,1,1,4,1,0,6.065880109847996,China
direct_return,yield,rice,9,9,48,8,1,3.484764178055998,China|India|Nepal
direct_return,yield,wheat,2,2,10,2,0,4.706802769143303,China
direct_return,SOC_concentration,maize,0,0,0,0,0,,
direct_return,SOC_concentration,rice,3,3,7,3,0,6.674888499628269,China|India
direct_return,SOC_concentration,wheat,2,2,30,2,0,10.488524910901688,China
direct_return,CH4,maize,0,0,0,0,0,,
direct_return,CH4,rice,3,3,23,3,0,238.824903514686,China
direct_return,CH4,wheat,0,0,0,0,0,,
direct_return,N2O,maize,1,1,3,1,0,26.856009793092237,China
direct_return,N2O,rice,2,2,14,1,1,18.878514866721332,China
direct_return,N2O,wheat,1,1,3,1,0,105.0075809855756,China
biochar_return,yield,maize,0,0,0,0,0,,
biochar_return,yield,rice,7,7,62,6,1,7.310422379097072,China|India
biochar_return,yield,wheat,1,1,4,1,0,11.842578701657636,China
biochar_return,SOC_concentration,maize,1,1,12,1,0,12.064349046244756,China
biochar_return,SOC_concentration,rice,3,3,22,3,0,15.403132910023306,China|India
biochar_return,SOC_concentration,wheat,0,0,0,0,0,,
biochar_return,CH4,maize,0,0,0,0,0,,
biochar_return,CH4,rice,4,4,28,2,2,-3.13321105397719,China
biochar_return,CH4,wheat,0,0,0,0,0,,
biochar_return,N2O,maize,0,0,0,0,0,,
biochar_return,N2O,rice,4,4,28,1,3,-11.704787157186349,China
biochar_return,N2O,wheat,0,0,0,0,0,,
open_burning,yield,maize,0,0,0,0,0,,
open_burning,yield,rice,5,5,14,4,1,3.719171265196887,China|India|Nepal|Vietnam
open_burning,yield,wheat,4,4,6,3,1,5.013295807203817,India|Pakistan
open_burning,SOC_concentration,maize,0,0,0,0,0,,
open_burning,SOC_concentration,rice,3,3,7,3,0,2.035704560246681,China|India
open_burning,SOC_concentration,wheat,2,2,2,2,0,6.664540816326286,India
open_burning,CH4,maize,0,0,0,0,0,,
open_burning,CH4,rice,2,2,6,1,1,-3.4332787265744527,China|Vietnam
open_burning,CH4,wheat,0,0,0,0,0,,
open_burning,N2O,maize,0,0,0,0,0,,
open_burning,N2O,rice,2,2,6,1,1,28.889317785855575,China|Vietnam
open_burning,N2O,wheat,0,0,0,0,0,,
